Name,Ingredients,Station,Location,Meal Type,Item ID,DiningHall
Classic Cheese Pizza,"Ingredients: Shredded Mozzarella Cheese (whole and part-skim milk low moisture mozzarella cheese [pasteurized and cultured milk, cheese cultures, salt, enzymes], provolone cheese [pasteurized milk, cheese cultures, salt, and enzymes], potato starch, canola oil and cellulose powder added to prevent caking, natamycin [a natural mold inhibitor]), Pizza Sauce (tomatoes, tomato puree, salt, sugar, extra virgin olive oil, spices, dehydrated basil and garlic powder), 14"" Pizza Dough Sheet (enriched unbleached wheat flour [wheat flour, niacin, iron as ferrous sulfate, thiamine mononitrate, enzyme, riboflavin, folic acid], water, yeast, soybean oil, contains less than 2% of the following: high fructose corn syrup, salt, wheat gluten, sodium stearoyl lactylate, ascorbic acid, enzymes)",Brick Oven,Brick Oven,lunch,50,Warren
Pepperoni Pizza,"Ingredients: Shredded Mozzarella Cheese (whole and part-skim milk low moisture mozzarella cheese [pasteurized and cultured milk, cheese cultures, salt, enzymes], provolone cheese [pasteurized milk, cheese cultures, salt, and enzymes], potato starch, canola oil and cellulose powder added to prevent caking, natamycin [a natural mold inhibitor]), Pizza Sauce (tomatoes, tomato puree, salt, sugar, extra virgin olive oil, spices, dehydrated basil and garlic powder), 14"" Pizza Dough Sheet (enriched unbleached wheat flour [wheat flour, niacin, iron as ferrous sulfate, thiamine mononitrate, enzyme, riboflavin, folic acid], water, yeast, soybean oil, contains less than 2% of the following: high fructose corn syrup, salt, wheat gluten, sodium stearoyl lactylate, ascorbic acid, enzymes), Sliced Pepperoni (chicken, beef, halal beef, turkey, salt, water, corn syrup, dextrose, spices, smoke flavoring, natural smoke flavor, garlic powder, dehydrated garlic, oleoresin of paprika, paprika, extractive of paprika, rosemary extract, sodium ascorbate, sodium erythrobate, spice extractive, citric acid, lactic acid starter culture, bha, bht, sodium nitrite, bha, bht with citric acid added to help protect flavor)",Brick Oven,Brick Oven,lunch,51,Warren
Vegan Sausage And Pepper Pizza,"Ingredients: Fresh Bell Pepper, Pizza Sauce (tomatoes, tomato puree, salt, sugar, extra virgin olive oil, spices, dehydrated basil and garlic powder), Fresh Bell Pepper, Fresh Yellow Onion, Vegan Chorizo Sausage Crumbles (water, soy flour, corn oil, onions, paprika. contains 2% or less of garlic [garlic, water], salt, soy protein isolate, spices, citric acid, cooked onion and carrot juice concentrate, garlic powder, vinegar solids, onion powder, sugar, paprika extract color, natural flavor, faba bean protein, pea protein), Vegan Mozzarella Shreds (daiya oat cream blend [water, gluten-free oat flour, pea protein], tapioca starch, [highly refined] coconut oil, expeller pressed safflower oil, calcium phosphate, less than 2 percent of: corn starch, yeast extract, salt, dextrose, lactic acid, natural flavors), Oil Blend (vegetable oil [may contain one or more of the following: 90% soybean and/or canola and/or corn oil, and/or sunflower oil], 10% olive [pomace] oil, beta-carotene), Coarse Flaked Kosher Salt (salt, yellow prussiate of soda [yps]), Ground Black Pepper, 14"" Pizza Dough Sheet (enriched unbleached wheat flour [wheat flour, niacin, iron as ferrous sulfate, thiamine mononitrate, enzyme, riboflavin, folic acid], water, yeast, soybean oil, contains less than 2% of the following: high fructose corn syrup, salt, wheat gluten, sodium stearoyl lactylate, ascorbic acid, enzymes)",Brick Oven,Brick Oven,lunch,52,Warren
Spinach & Chicken Calzone (Sargent Choice),"Ingredients: Pizza Sauce (tomatoes, tomato puree, salt, sugar, extra virgin olive oil, spices, dehydrated basil and garlic powder), Halal Chicken Breast (boneless skinless chicken breasts with rib meat), Fresh Garlic, Ricotta Cheese (milk, pasteurized whey, cream, vinegar, and salt), Fresh Spinach, Shredded Asiago Cheese (asiago cheese [cultured pasteurized milk, salt, enzymes], cheese cultures, anti-caking blend [potato starch, powdered cellulose]), Shredded Mozzarella Cheese (whole and part-skim milk low moisture mozzarella cheese [pasteurized and cultured milk, cheese cultures, salt, enzymes], provolone cheese [pasteurized milk, cheese cultures, salt, and enzymes], potato starch, canola oil and cellulose powder added to prevent caking, natamycin [a natural mold inhibitor]), Oil Blend (vegetable oil [may contain one or more of the following: 90% soybean and/or canola and/or corn oil, and/or sunflower oil], 10% olive [pomace] oil, beta-carotene), Fresh Parsley, Ground Black Pepper, Granulated Garlic (garlic powder), Dried Oregano, Coarse Flaked Kosher Salt (salt, yellow prussiate of soda [yps]), 14"" Pizza Dough Sheet (enriched unbleached wheat flour [wheat flour, niacin, iron as ferrous sulfate, thiamine mononitrate, enzyme, riboflavin, folic acid], water, yeast, soybean oil, contains less than 2% of the following: high fructose corn syrup, salt, wheat gluten, sodium stearoyl lactylate, ascorbic acid, enzymes)",Brick Oven,Brick Oven,lunch,53,Warren
Cheesy Lasagna,"Ingredients: Spaghetti Sauce (tomato concentrate (water, tomato paste), corn syrup, salt, spices, dehydrated parsley, citric acid, natural flavor), Ricotta Cheese (milk, pasteurized whey, cream, vinegar, and salt), Liquid Egg Whites (egg whites, guar gum, and triethyl citrate), Shredded Mozzarella Cheese (whole and part-skim milk low moisture mozzarella cheese [pasteurized and cultured milk, cheese cultures, salt, enzymes], provolone cheese [pasteurized milk, cheese cultures, salt, and enzymes], potato starch, canola oil and cellulose powder added to prevent caking, natamycin [a natural mold inhibitor]), Shredded Asiago Cheese (asiago cheese [cultured pasteurized milk, salt, enzymes], cheese cultures, anti-caking blend [potato starch, powdered cellulose]), ""PASTA FROZEN SHEET EGG CKD 10.75"" X 9"" 4 OZ - THAWED"" (ingredient details unavailable at this time)",Brick Oven,Brick Oven,lunch,54,Warren
Classic Cheese Pizza,"Ingredients: Shredded Mozzarella Cheese (whole and part-skim milk low moisture mozzarella cheese [pasteurized and cultured milk, cheese cultures, salt, enzymes], provolone cheese [pasteurized milk, cheese cultures, salt, and enzymes], potato starch, canola oil and cellulose powder added to prevent caking, natamycin [a natural mold inhibitor]), Pizza Sauce (tomatoes, tomato puree, salt, sugar, extra virgin olive oil, spices, dehydrated basil and garlic powder), 14"" Pizza Dough Sheet (enriched unbleached wheat flour [wheat flour, niacin, iron as ferrous sulfate, thiamine mononitrate, enzyme, riboflavin, folic acid], water, yeast, soybean oil, contains less than 2% of the following: high fructose corn syrup, salt, wheat gluten, sodium stearoyl lactylate, ascorbic acid, enzymes)",Brick Oven,Brick Oven,dinner,128,Warren
Pepperoni Pizza,"Ingredients: Shredded Mozzarella Cheese (whole and part-skim milk low moisture mozzarella cheese [pasteurized and cultured milk, cheese cultures, salt, enzymes], provolone cheese [pasteurized milk, cheese cultures, salt, and enzymes], potato starch, canola oil and cellulose powder added to prevent caking, natamycin [a natural mold inhibitor]), Pizza Sauce (tomatoes, tomato puree, salt, sugar, extra virgin olive oil, spices, dehydrated basil and garlic powder), 14"" Pizza Dough Sheet (enriched unbleached wheat flour [wheat flour, niacin, iron as ferrous sulfate, thiamine mononitrate, enzyme, riboflavin, folic acid], water, yeast, soybean oil, contains less than 2% of the following: high fructose corn syrup, salt, wheat gluten, sodium stearoyl lactylate, ascorbic acid, enzymes), Sliced Pepperoni (chicken, beef, halal beef, turkey, salt, water, corn syrup, dextrose, spices, smoke flavoring, natural smoke flavor, garlic powder, dehydrated garlic, oleoresin of paprika, paprika, extractive of paprika, rosemary extract, sodium ascorbate, sodium erythrobate, spice extractive, citric acid, lactic acid starter culture, bha, bht, sodium nitrite, bha, bht with citric acid added to help protect flavor)",Brick Oven,Brick Oven,dinner,129,Warren
Vegan Sausage And Pepper Pizza,"Ingredients: Fresh Bell Pepper, Pizza Sauce (tomatoes, tomato puree, salt, sugar, extra virgin olive oil, spices, dehydrated basil and garlic powder), Fresh Bell Pepper, Fresh Yellow Onion, Vegan Chorizo Sausage Crumbles (water, soy flour, corn oil, onions, paprika. contains 2% or less of garlic [garlic, water], salt, soy protein isolate, spices, citric acid, cooked onion and carrot juice concentrate, garlic powder, vinegar solids, onion powder, sugar, paprika extract color, natural flavor, faba bean protein, pea protein), Vegan Mozzarella Shreds (daiya oat cream blend [water, gluten-free oat flour, pea protein], tapioca starch, [highly refined] coconut oil, expeller pressed safflower oil, calcium phosphate, less than 2 percent of: corn starch, yeast extract, salt, dextrose, lactic acid, natural flavors), Oil Blend (vegetable oil [may contain one or more of the following: 90% soybean and/or canola and/or corn oil, and/or sunflower oil], 10% olive [pomace] oil, beta-carotene), Coarse Flaked Kosher Salt (salt, yellow prussiate of soda [yps]), Ground Black Pepper, 14"" Pizza Dough Sheet (enriched unbleached wheat flour [wheat flour, niacin, iron as ferrous sulfate, thiamine mononitrate, enzyme, riboflavin, folic acid], water, yeast, soybean oil, contains less than 2% of the following: high fructose corn syrup, salt, wheat gluten, sodium stearoyl lactylate, ascorbic acid, enzymes)",Brick Oven,Brick Oven,dinner,130,Warren
Spinach & Chicken Calzone (Sargent Choice),"Ingredients: Pizza Sauce (tomatoes, tomato puree, salt, sugar, extra virgin olive oil, spices, dehydrated basil and garlic powder), Halal Chicken Breast (boneless skinless chicken breasts with rib meat), Fresh Garlic, Ricotta Cheese (milk, pasteurized whey, cream, vinegar, and salt), Fresh Spinach, Shredded Asiago Cheese (asiago cheese [cultured pasteurized milk, salt, enzymes], cheese cultures, anti-caking blend [potato starch, powdered cellulose]), Shredded Mozzarella Cheese (whole and part-skim milk low moisture mozzarella cheese [pasteurized and cultured milk, cheese cultures, salt, enzymes], provolone cheese [pasteurized milk, cheese cultures, salt, and enzymes], potato starch, canola oil and cellulose powder added to prevent caking, natamycin [a natural mold inhibitor]), Oil Blend (vegetable oil [may contain one or more of the following: 90% soybean and/or canola and/or corn oil, and/or sunflower oil], 10% olive [pomace] oil, beta-carotene), Fresh Parsley, Ground Black Pepper, Granulated Garlic (garlic powder), Dried Oregano, Coarse Flaked Kosher Salt (salt, yellow prussiate of soda [yps]), 14"" Pizza Dough Sheet (enriched unbleached wheat flour [wheat flour, niacin, iron as ferrous sulfate, thiamine mononitrate, enzyme, riboflavin, folic acid], water, yeast, soybean oil, contains less than 2% of the following: high fructose corn syrup, salt, wheat gluten, sodium stearoyl lactylate, ascorbic acid, enzymes)",Brick Oven,Brick Oven,dinner,131,Warren
Cheesy Lasagna,"Ingredients: Spaghetti Sauce (tomato concentrate (water, tomato paste), corn syrup, salt, spices, dehydrated parsley, citric acid, natural flavor), Ricotta Cheese (milk, pasteurized whey, cream, vinegar, and salt), Liquid Egg Whites (egg whites, guar gum, and triethyl citrate), Shredded Mozzarella Cheese (whole and part-skim milk low moisture mozzarella cheese [pasteurized and cultured milk, cheese cultures, salt, enzymes], provolone cheese [pasteurized milk, cheese cultures, salt, and enzymes], potato starch, canola oil and cellulose powder added to prevent caking, natamycin [a natural mold inhibitor]), Shredded Asiago Cheese (asiago cheese [cultured pasteurized milk, salt, enzymes], cheese cultures, anti-caking blend [potato starch, powdered cellulose]), ""PASTA FROZEN SHEET EGG CKD 10.75"" X 9"" 4 OZ - THAWED"" (ingredient details unavailable at this time)",Brick Oven,Brick Oven,dinner,132,Warren
Just Egg® & Sausage Sandwich,"Ingredients: Vegan Cheddar Cheese Slices (daiya oat cream blend [water, oat flour, pea protein, cultures, enzymes], highly-refined coconut oil, modified potato starch, corn starch, less than 2 percent of: konjac flour, fruit and vegetable juice [for color], yeast extract, annatto [for color], salt, tricalcium phosphate, xanthan gum, lactic acid, natural flavors), Pork Sausage Patty (pork, contains 2% or less of: water, salt, corn syrup solids, flavorings, sugar, dextrose, bht, propyl gallate, citric acid), Gluten-Free Hamburger Bun (water, modified tapioca starch, white rice flour, potato starch, corn starch, palm oil, evaporated cane juice, contains less than 2% of each of the following: millet flour, dried yeast [yeast, sorbitan monostearate], modified cellulose, canola oil, seasalt, sorghum flour, xanthan gum, guar gum, rice bran extract, cultured dextrose, calcium sulfate, enzymes, ascorbic acid), Vegan Egg Patty (water, mung bean protein, expeller-pressed canola oil, corn starch, contains less than 2% of baking powder [sodium acid pyrophosphate, sodium bicarbonate, corn starch, monocalcium phosphate], dehydrated garlic, dehydrated onion, carrot extractives and turmeric extractives [color], salt, transglutaminase)",Gluten Free,Gluten Free,breakfast,27,Warren
Crispy Tater Tots,"Ingredients: Tater Tots (potatoes, vegetable oil [contains one or more of the following oils: canola, soybean, cottonseed, sunflower, corn]. contains 2% or less of dextrose, natural flavor, salt, sodium acid pyrophosphate added to maintain color)",Gluten Free,Gluten Free,breakfast,28,Warren
Apple Cinnamon Muffin,"Ingredients: Apple Pie Filling (apple slices, water, high fructose corn syrup, food starch modified [corn], apple juice concentrate, natural fruit flavor, potassium sorbate [preservative], citric acid, spices, ascorbic acid to protect color), True Balance Vegan Buttery Spread ((palm kernel and palm oil, canola oil, water, sunflower oil, salt, pea protein, less than 2% of: sunflower lecithin, olive oil, lactic acid, natural flavor, annatto [extract] [color], vitamin a palmitate) ), Light Brown Sugar (brown sugar [when produced at chalmette or crockett facilities] sugar, molasses [when produced at south bay facility]), Gluten-Free All-Purpose Flour (sweet white rice flour, whole grain brown rice flour, potato starch, whole grain sweet white sorghum flour, tapioca flour, xanthan gum), Granulated Sugar, Original Oatmilk (oatmilk [filtered water, oats], calcium carbonate, dipotassium phosphate, sea salt, gellan gum, vitamin a palmitate, vitamin d2, riboflavin [vitamin b2] and vitamin b12), True Balance Vegan Buttery Spread ((palm kernel and palm oil, canola oil, water, sunflower oil, salt, pea protein, less than 2% of: sunflower lecithin, olive oil, lactic acid, natural flavor, annatto [extract] [color], vitamin a palmitate) ), Ground Cinnamon, Vegan Egg Replacer Powder (potato starch, tapioca flour, baking soda, psyllium husk fiber [MAY CONTAIN SESAME SEEDS, SOY, TREENUTS]), Baking Powder (sodium bicarbonate, cornstarch, sodium aluminum sulfate, monocalcium phosphate, silicon dioxide), Xanthan Gum, Coarse Flaked Kosher Salt (salt, yellow prussiate of soda [yps]), Imitation Vanilla Extract  (water, vanillin, caramel color, ethyl vanillin and 0.1% potassium sorbate [added as a preservative])",Gluten Free,Gluten Free,breakfast,29,Warren
Fresh Fruit Salad,"Ingredients: Fresh Grapes, Fresh Pineapple, Fresh Cantaloupe, Fresh Honeydew Melon",Gluten Free,Gluten Free,breakfast,30,Warren
Oatmeal,"Ingredients: Water, Gluten Free Whole-Grain Oats (gluten free oats)",Gluten Free,Gluten Free,breakfast,31,Warren
Dried Cranberries,"Ingredients: Sweetened Dried Cranberries (cranberries, sugar, sunflower oil)",Gluten Free,Gluten Free,breakfast,32,Warren
Sunflower Seeds,Ingredients: Raw Hulled Sunflower Seeds ([MAY CONTAIN PEANUTS AND/OR TREENUTS]),Gluten Free,Gluten Free,breakfast,33,Warren
Raisins,Ingredients: Dark Seedless Raisins,Gluten Free,Gluten Free,breakfast,34,Warren
Brown Sugar,"Ingredients: Light Brown Sugar (brown sugar [when produced at chalmette or crockett facilities] sugar, molasses [when produced at south bay facility])",Gluten Free,Gluten Free,breakfast,35,Warren
Scrambled Eggs,"Ingredients: Liquid Whole Eggs (whole eggs, citric acid, 0.15% water added as carrier for citric acid. citric acid added to preserve color), Coarse Flaked Kosher Salt (salt, yellow prussiate of soda [yps]), Ground Black Pepper",Gluten Free,Gluten Free,breakfast,36,Warren
Pork Sausage Patty,"Ingredients: Pork Sausage Patty (pork, contains 2% or less of: water, salt, corn syrup solids, flavorings, sugar, dextrose, bht, propyl gallate, citric acid)",Gluten Free,Gluten Free,breakfast,37,Warren
Channa Masala,"Ingredients: Low Sodium Garbanzo Beans (prepared chick peas, water, salt, calcium chloride [firming agent], disodium edta [promotes color retention]), Ground Cumin, Chunky Diced Tomatoes (vine ripened tomatoes, tomato juice, sea salt, calcium chloride, citric acid), Fresh Yellow Onion, Ground Coriander, Ground Cardamom, Ground Cinnamon, Ground Cloves, Fresh Jalapeno Pepper, Oil Blend (vegetable oil [may contain one or more of the following: 90% soybean and/or canola and/or corn oil, and/or sunflower oil], 10% olive [pomace] oil, beta-carotene), Bottled Lemon Juice (filtered water, lemon juice concentrate, sodium bisulfite [preservative], sodium benzoate [preservative], lemon oil), Fresh Gingerroot, Fresh Garlic, Ground Turmeric, Ground Paprika (paprika and silicon dioxide [added to make free flowing]), Fresh Cilantro, Whole Cumin Seed, Coarse Flaked Kosher Salt (salt, yellow prussiate of soda [yps]), Cayenne Pepper (red pepper)",Gluten Free,Gluten Free,lunch,112,Warren
Steamed Fresh Broccoli,Ingredients: Fresh Broccoli,Gluten Free,Gluten Free,lunch,113,Warren
Basmati Rice,"Ingredients: Water, White Basmati Rice",Gluten Free,Gluten Free,lunch,114,Warren
Tomato Soup With Garden Vegetables,"Ingredients: Tomato Soup with Garden Vegetables (diced tomatoes [tomatoes, tomato juice, salt, citric acid], ground tomatoes [tomatoes, salt, citric acid], water, yellow squash, zucchini, onions, carrots, golden wax beans, green beans, celery, rice flour, corn oil, olive oil, scallions, sea salt, extra virgin olive oil, garlic, fennel seed, dried basil, bay leaves, dried oregano, mustard flour, white pepper)",Gluten Free,Gluten Free,lunch,115,Warren
Pastelon ,"Ingredients: Sweet Sliced Plantain, Grass Fed Halal Ground Beef, Shredded Mozzarella Cheese (whole and part-skim milk low moisture mozzarella cheese [pasteurized and cultured milk, cheese cultures, salt, enzymes], provolone cheese [pasteurized milk, cheese cultures, salt, and enzymes], potato starch, canola oil and cellulose powder added to prevent caking, natamycin [a natural mold inhibitor]), Shredded Feather Monterey Jack (pasteurized milk, cheese culture, salt, enzymes, potato starch, corn starch and powdered cellulose [added to prevent caking]), Fresh Bell Pepper, Pitted Manzanilla Olives (manzanilla olives, water, salt, citric acid, sodium benzoate [preservative], potassium sorbate [preservative], ascorbic acid [preservative]), Liquid Whole Eggs (whole eggs, citric acid, 0.15% water added as carrier for citric acid. citric acid added to preserve color), Cajun Seasoning (garlic, spices [including paprika, oregano, red pepper], salt, and onion), Capers (capers, water, salt, vinegar), Baking Soda (sodium bicarbonate), Ground Black Pepper, Fresh Cilantro, Dried Oregano, Crushed Tomatoes (vine ripened tomatoes, tomato puree, sea salt and citric acid), Tomato Paste (vine ripened fresh tomatoes, citric acid), Chunky Diced Tomatoes (vine ripened tomatoes, tomato juice, sea salt, calcium chloride, citric acid), Water, Fresh Yellow Onion, Unsalted Butter (pasteurized cream (milk), natural flavorings), Granulated Sugar, Granulated Iodized Salt (salt, sodium silicoaluminate, dextrose, potassium iodine and sodium bicarbonate), Oil Blend (vegetable oil [may contain one or more of the following: 90% soybean and/or canola and/or corn oil, and/or sunflower oil], 10% olive [pomace] oil, beta-carotene), Fresh Garlic, Whole Thyme Leaves, Dried Basil Leaves, Dried Bay Leaves",Gluten Free,Gluten Free,dinner,190,Warren
Caribbean Inspired Jerk Chicken Soup,"Ingredients: Caribbean Inspired Jerk Chicken Soup (chicken stock [water, chicken bones, onions, celery, carrots, sea salt, garlic, parsley, white pepper, thyme, bay leaves, marjoram], chicken meat, sweet potatoes, diced tomatoes [tomatoes, tomato juice, salt, citric acid], red kidney beans, parboiled long grain rice, coconut milk [coconut, water], onions, molasses, rice starch, carrots, garlic, scallions, tomato paste [tomatoes, citric acid], olive oil, sea salt, jalapeno peppers, cilantro, chicken fat, ginger, black pepper, pepper sauce [distilled vinegar, red pepper, salt], dried thyme, cinnamon, nutmeg, ground allspice)",Gluten Free,Gluten Free,dinner,191,Warren
Wild Rice Soup,"Ingredients: Water, Wild Rice, Halal Chicken Breast (boneless skinless chicken breasts with rib meat), Fresh Mushrooms, Fresh Carrot, Fresh Yellow Onion, Fresh Celery, Scallion, Low-Sodium Gluten-Free Chicken Base (chicken meat, salt, chicken broth, chicken fat, sugar, canola oil, corn starch, 2% or less of natural flavors, potato starch, turmeric [color]), Oil Blend (vegetable oil [may contain one or more of the following: 90% soybean and/or canola and/or corn oil, and/or sunflower oil], 10% olive [pomace] oil, beta-carotene), Coarse Flaked Kosher Salt (salt, yellow prussiate of soda [yps]), Ground Black Pepper",Gluten Free,Gluten Free,dinner,192,Warren
Scrambled Eggs,"Ingredients: Liquid Whole Eggs (whole eggs, citric acid, 0.15% water added as carrier for citric acid. citric acid added to preserve color), Coarse Flaked Kosher Salt (salt, yellow prussiate of soda [yps]), Ground Black Pepper",Grill,Grill,breakfast,1,Warren
Turkey Sausage Link,"Ingredients: Turkey Sausage Links ( (turkey, mechanically separated turkey, water, seasoning [salt, spices, corn syrup solids, spice extractives, bha, bht, citric acid], natural flavoring. in a calcium alginate casing.))",Grill,Grill,breakfast,2,Warren
Hash Brown Potato Patty,"Ingredients: Golden Hash Brown Potato Patty (potatoes, vegetable oil [contains one or more of the following oils: canola, palm, soybean, cottonseed, sunflower, corn], enriched wheat flour [flour, niacin, iron, thiamin mononitrate, riboflavin, folic acid], contains 2% or less of dehydrated onion, dehydrated potato, dextrose, natural flavor, salt, sodium acid pyrophosphate and disodium dihydrogen pyrophosphate added to maintain natural color retention)",Grill,Grill,breakfast,3,Warren
Hard-Cooked Egg,"Ingredients: Hard Boiled Eggs (hard cooked eggs, water, citric acid, sodium benzoate, nisin preparation [as preservatives])",Grill,Grill,breakfast,4,Warren
Sargent Choice Whole Wheat French Toast,"Ingredients: Liquid Whole Eggs (whole eggs, citric acid, 0.15% water added as carrier for citric acid. citric acid added to preserve color), Skim Milk (fat free milk, vitamin a palmitate and vitamin d3), Ground Cinnamon, Imitation Vanilla Extract  (water, vanillin, caramel color, ethyl vanillin and 0.1% potassium sorbate [added as a preservative]), Ground Nutmeg, Wheat Pullman Bread (whole wheat flour, water, unbleached enriched wheat flour [wheat flour, malted barley flour, niacin, iron, thiamin hydrochloride, riboflavin, folic acid], yeast, sugar, wheat gluten, contains 2% or less of the following: soybean and/or canola oil, salt, molasses, dough conditioners [ethoxylated mono and diglycerides, mono and diglycerides, monoglycerides, calcium peroxide, ascorbic acid, enzymes], calcium propionate [preservative], malted barley flour, yeast nutrients [monocalcium phosphate, calcium sulfate, ammonium sulfate], soy lecithin)",Grill,Grill,breakfast,5,Warren
Garden Herb Scrambled Eggs,"Ingredients: Liquid Whole Eggs (whole eggs, citric acid, 0.15% water added as carrier for citric acid. citric acid added to preserve color), Whole Milk (milk and vitamin d3), Fresh Parsley, Fresh Chives, Coarse Flaked Kosher Salt (salt, yellow prussiate of soda [yps]), Ground Black Pepper",Grill,Grill,breakfast,6,Warren
Whole Wheat Pancakes,"Ingredients: 2% Milk (reduced fat milk, vitamin a palmitate and vitamin d3), Whole-Wheat Stone-Ground Flour, Liquid Egg Whites (egg whites, guar gum, and triethyl citrate), Water, Granulated Sugar, Smart Balance Margarine (oil blend [palm, soybean, canola, and olive oil], water, contains less than 2% of salt, enzyme-modified soybean lecithin, natural & artificial flavor, potassium sorbate and calcium disodium edta [to preserve freshness], lactic acid, vitamin a palmitate, beta-carotene color), Light Brown Sugar (brown sugar [when produced at chalmette or crockett facilities] sugar, molasses [when produced at south bay facility]), Baking Powder (sodium bicarbonate, cornstarch, sodium aluminum sulfate, monocalcium phosphate, silicon dioxide), Coarse Flaked Kosher Salt (salt, yellow prussiate of soda [yps])",Grill,Grill,breakfast,7,Warren
Cluck Chicken Tenders,"Ingredients: Crispy Chicken Tenders (portioned chicken tenders with rib meat, water, seasoning [maltodextrin, salt, sugar, flavors, vegetable stock [carrot, onion, celery], carrot powder and garlic powder], sodium phosphates, salt, modified food starch. breaded with: wheat flour, water, bleached wheat flour, salt, wheat gluten, sugar, leavening [sodium bicarbonate, sodium aluminum phosphate, sodium acid pyrophosphate, monocalcium phosphate], yeast extract, yellow corn flour, onion powder, dextrose, garlic powder, yeast, spice, extractives of paprika, annatto, and turmeric, disodium inosinate and disodium guanylate. breading set in vegetable oil)",Grill,Grill,lunch,38,Warren
Black Strap Bbq Sauce,"Ingredients: Molasses, Apple Cider Vinegar (apple cider vinegar,  distilled vinegar from grain, natural flavor with caramel color, diluted with water to a uniform pickling and table strength of 5% [50 grains] acidity), Light Brown Sugar (brown sugar [when produced at chalmette or crockett facilities] sugar, molasses [when produced at south bay facility]), Red Hot Cayenne Pepper Sauce (aged cayenne red peppers, distilled vinegar, water, salt & garlic powder)",Grill,Grill,lunch,39,Warren
Dill Pickle Slices,"Ingredients: Sliced Kosher Dill Pickles (fresh cucumbers, water, salt, distilled vinegar, contains less than 2% of dried garlic, calcium chloride, spice, sodium benzoate (to preserve flavor), mustard seed, dried red peppers, natural flavor, polysorbate 80, oleoresin turmeric)",Grill,Grill,lunch,40,Warren
Buffalo Sauce,"Ingredients: Buffalo Wing Sauce (distilled vinegar, aged cayenne red peppers, salt, water, canola oil, paprika, xanthan gum, natural butter-type flavor [non-dairy] & garlic powder)",Grill,Grill,lunch,41,Warren
Light Ranch Dressing,"Ingredients: Lite Ranch Dressing (cultured buttermilk, vegetable oil [soybean and/or canola], water, egg yolk, contains less than 2% of salt, maltodextrin, nonfat milk powder, monosodium glutamate, sugar, modified corn starch, lactic acid, potassium sorbate [preservative], nonfat milk solids, distilled vinegar, xanthan gum, onion*, cream, spice, whey, garlic*, vinegar powder, guar gum, sour cream powder, mustard flour, milk, natural flavor, dipotassium phosphate, citric acid. [*dried])",Grill,Grill,lunch,42,Warren
Crispy Waffle Fries,"Ingredients: Spicy Waffle Fries (potatoes, vegetable oil [contains one or more of the following oils: canola, soybean, cottonseed, sunflower, corn], bleached enriched wheat flour [flour, niacin, reduced iron, thiamine mononitrate, riboflavin, folic acid]. contains 2% or less of caramel color, cocoa powder [processed with alkali], degermed yellow corn meal, dextrin, dextrose, garlic powder, leavening [sodium acid pyrophosphate, sodium bicarbonate], natural garlic flavor, onion powder, paprika extract [color], rice flour, salt, sodium acid pyrophosphate added to maintain color, spices, tapioca starch, tapioca starch - modified, xanthan gum)",Grill,Grill,lunch,43,Warren
Crispy Chicken,"Ingredients: ""CHICKEN BREAST FILLET BRD HOMESTYLE 3.5 OZ CKD FZ"" (ingredient details unavailable at this time)",Grill,Grill,lunch,44,Warren
Spicy Oil,"Ingredients: Oil Blend (vegetable oil [may contain one or more of the following: 90% soybean and/or canola and/or corn oil, and/or sunflower oil], 10% olive [pomace] oil, beta-carotene), Light Brown Sugar (brown sugar [when produced at chalmette or crockett facilities] sugar, molasses [when produced at south bay facility]), Cayenne Pepper (red pepper), Granulated Garlic (garlic powder)",Grill,Grill,lunch,45,Warren
Coleslaw Dressing  ,"Ingredients: Coleslaw Dressing (soybean oil, sugar, water, apple cider vinegar, distilled vinegar, egg yolk, salt, contains less than 2% of mustard flour, polysorbate 60, xanthan gum, natural flavor, calcium disodium edta [to protect flavor])",Grill,Grill,lunch,46,Warren
Cheese Sauce,"Ingredients: Cheddar Cheese Sauce (water, soybean oil, aged cheddar cheese [cultured milk, salt, enzymes], modified cornstarch, maltodextrin, 2% or less of cornstarch, salt, vinegar, natural flavors, sodium phosphate, yeast extract, datem, mono and diglycerides, extractives of turmeric, extractives of paprika, lactic acid)",Grill,Grill,lunch,47,Warren
Martin's® Potato Roll,"Ingredients: Brioche Slider Roll (unbleached, unbromated enriched wheat flour [malted barley flour, niacin, reduced iron, thiamine mononitrate, riboflavin and folic acid], water, yeast, malted barley flour, sugar, contains 2% or less of the following: salt, soybean oil, wheat gluten, sodium alginate, corn starch, annatto extract & turmeric extract, calcium propionate, ascorbic acid, canola oil, sunflower lecithin, wheat protein isolate, enzymes, vegetable proteins, vegetable oil, dextrose, maltodextrins, natural flavors [SESAME SEEDS USED INSIDE BAKERY])",Grill,Grill,lunch,48,Warren
Macked Burger Bacon,"Ingredients: 18/22 Bacon Slices ((cured with water, salt, sugar, smoke flavoring, sodium phosphate, sodium erythorbate, sodium nitrate) )",Grill,Grill,lunch,49,Warren
Cluck Chicken Tenders,"Ingredients: Crispy Chicken Tenders (portioned chicken tenders with rib meat, water, seasoning [maltodextrin, salt, sugar, flavors, vegetable stock [carrot, onion, celery], carrot powder and garlic powder], sodium phosphates, salt, modified food starch. breaded with: wheat flour, water, bleached wheat flour, salt, wheat gluten, sugar, leavening [sodium bicarbonate, sodium aluminum phosphate, sodium acid pyrophosphate, monocalcium phosphate], yeast extract, yellow corn flour, onion powder, dextrose, garlic powder, yeast, spice, extractives of paprika, annatto, and turmeric, disodium inosinate and disodium guanylate. breading set in vegetable oil)",Grill,Grill,dinner,116,Warren
Black Strap Bbq Sauce,"Ingredients: Molasses, Apple Cider Vinegar (apple cider vinegar,  distilled vinegar from grain, natural flavor with caramel color, diluted with water to a uniform pickling and table strength of 5% [50 grains] acidity), Light Brown Sugar (brown sugar [when produced at chalmette or crockett facilities] sugar, molasses [when produced at south bay facility]), Red Hot Cayenne Pepper Sauce (aged cayenne red peppers, distilled vinegar, water, salt & garlic powder)",Grill,Grill,dinner,117,Warren
Dill Pickle Slices,"Ingredients: Sliced Kosher Dill Pickles (fresh cucumbers, water, salt, distilled vinegar, contains less than 2% of dried garlic, calcium chloride, spice, sodium benzoate (to preserve flavor), mustard seed, dried red peppers, natural flavor, polysorbate 80, oleoresin turmeric)",Grill,Grill,dinner,118,Warren
Buffalo Sauce,"Ingredients: Buffalo Wing Sauce (distilled vinegar, aged cayenne red peppers, salt, water, canola oil, paprika, xanthan gum, natural butter-type flavor [non-dairy] & garlic powder)",Grill,Grill,dinner,119,Warren
Light Ranch Dressing,"Ingredients: Lite Ranch Dressing (cultured buttermilk, vegetable oil [soybean and/or canola], water, egg yolk, contains less than 2% of salt, maltodextrin, nonfat milk powder, monosodium glutamate, sugar, modified corn starch, lactic acid, potassium sorbate [preservative], nonfat milk solids, distilled vinegar, xanthan gum, onion*, cream, spice, whey, garlic*, vinegar powder, guar gum, sour cream powder, mustard flour, milk, natural flavor, dipotassium phosphate, citric acid. [*dried])",Grill,Grill,dinner,120,Warren
Crispy Waffle Fries,"Ingredients: Spicy Waffle Fries (potatoes, vegetable oil [contains one or more of the following oils: canola, soybean, cottonseed, sunflower, corn], bleached enriched wheat flour [flour, niacin, reduced iron, thiamine mononitrate, riboflavin, folic acid]. contains 2% or less of caramel color, cocoa powder [processed with alkali], degermed yellow corn meal, dextrin, dextrose, garlic powder, leavening [sodium acid pyrophosphate, sodium bicarbonate], natural garlic flavor, onion powder, paprika extract [color], rice flour, salt, sodium acid pyrophosphate added to maintain color, spices, tapioca starch, tapioca starch - modified, xanthan gum)",Grill,Grill,dinner,121,Warren
Crispy Chicken,"Ingredients: ""CHICKEN BREAST FILLET BRD HOMESTYLE 3.5 OZ CKD FZ"" (ingredient details unavailable at this time)",Grill,Grill,dinner,122,Warren
Spicy Oil,"Ingredients: Oil Blend (vegetable oil [may contain one or more of the following: 90% soybean and/or canola and/or corn oil, and/or sunflower oil], 10% olive [pomace] oil, beta-carotene), Light Brown Sugar (brown sugar [when produced at chalmette or crockett facilities] sugar, molasses [when produced at south bay facility]), Cayenne Pepper (red pepper), Granulated Garlic (garlic powder)",Grill,Grill,dinner,123,Warren
Coleslaw Dressing  ,"Ingredients: Coleslaw Dressing (soybean oil, sugar, water, apple cider vinegar, distilled vinegar, egg yolk, salt, contains less than 2% of mustard flour, polysorbate 60, xanthan gum, natural flavor, calcium disodium edta [to protect flavor])",Grill,Grill,dinner,124,Warren
Cheese Sauce,"Ingredients: Cheddar Cheese Sauce (water, soybean oil, aged cheddar cheese [cultured milk, salt, enzymes], modified cornstarch, maltodextrin, 2% or less of cornstarch, salt, vinegar, natural flavors, sodium phosphate, yeast extract, datem, mono and diglycerides, extractives of turmeric, extractives of paprika, lactic acid)",Grill,Grill,dinner,125,Warren
Martin's® Potato Roll,"Ingredients: Brioche Slider Roll (unbleached, unbromated enriched wheat flour [malted barley flour, niacin, reduced iron, thiamine mononitrate, riboflavin and folic acid], water, yeast, malted barley flour, sugar, contains 2% or less of the following: salt, soybean oil, wheat gluten, sodium alginate, corn starch, annatto extract & turmeric extract, calcium propionate, ascorbic acid, canola oil, sunflower lecithin, wheat protein isolate, enzymes, vegetable proteins, vegetable oil, dextrose, maltodextrins, natural flavors [SESAME SEEDS USED INSIDE BAKERY])",Grill,Grill,dinner,126,Warren
Macked Burger Bacon,"Ingredients: 18/22 Bacon Slices ((cured with water, salt, sugar, smoke flavoring, sodium phosphate, sodium erythorbate, sodium nitrate) )",Grill,Grill,dinner,127,Warren
Create Your Own Omelet Station,"Ingredients: Liquid Whole Eggs (whole eggs, citric acid, 0.15% water added as carrier for citric acid. citric acid added to preserve color)",Round Grill,Round Grill,breakfast,10,Warren
Diced Breakfast Ham,"Ingredients: Diced Ham (pork cured with: water, salt, dextrose, modified food starch, potassium lactate, sodium phosphate, sodium erythorbate, sodium diacetate, natural smoke flavoring, sodium nitrite [MAY CONTAIN SODIUM ASCORBATE])",Round Grill,Round Grill,breakfast,11,Warren
Diced Onions,Ingredients: Fresh Yellow Onion,Round Grill,Round Grill,breakfast,12,Warren
Diced Green Peppers,Ingredients: Fresh Bell Pepper,Round Grill,Round Grill,breakfast,13,Warren
Sauteed Mushrooms,"Ingredients: Fresh Mushrooms, Oil Blend (vegetable oil [may contain one or more of the following: 90% soybean and/or canola and/or corn oil, and/or sunflower oil], 10% olive [pomace] oil, beta-carotene), Coarse Flaked Kosher Salt (salt, yellow prussiate of soda [yps]), Ground Black Pepper",Round Grill,Round Grill,breakfast,14,Warren
Tofu,"Ingredients: Extra Firm Tofu (water, organic soybeans, less than 2% of magnesium chloride, calcium sulfate)",Round Grill,Round Grill,breakfast,15,Warren
Shredded Cheddar Cheese,"Ingredients: Shredded Cheddar Cheese (pasteurized milk, cheese culture, salt, enzymes and annatto [if colored]. potato starch and powdered cellulose added to prevent caking)",Round Grill,Round Grill,breakfast,16,Warren
Egg Whites,"Ingredients: Liquid Egg Whites (egg whites, guar gum, and triethyl citrate)",Round Grill,Round Grill,breakfast,17,Warren
Fried Egg,"Ingredients: Oil Blend (vegetable oil [may contain one or more of the following: 90% soybean and/or canola and/or corn oil, and/or sunflower oil], 10% olive [pomace] oil, beta-carotene), Large Whole Eggs",Round Grill,Round Grill,breakfast,18,Warren
Swiss Cheese,"Ingredients: Swiss Cheese Slices (pasteurized part-skim milk, cheese culture, salt, enzymes)",Round Grill,Round Grill,breakfast,19,Warren
Provolone Cheese,"Ingredients: Sliced Provolone Cheese (pasteurized milk, cheese culture, salt, enzymes)",Round Grill,Round Grill,breakfast,20,Warren
Sauteed Chorizo,"Ingredients: Chorizo Sausage with Brandy (pork, water, seasoning [paprika, spices], sea salt, red vinegar, brandy, sodium nitrate, vinegar)",Round Grill,Round Grill,breakfast,21,Warren
Crispy Bacon Bits,"Ingredients: 14/18 Bacon Slices (pork, cured with water, sea salt, sugar, sodium phosphate, sodium erythorbate, sodium nitrite, contains less than 2% of the following: cane sugar, celery powder)",Round Grill,Round Grill,breakfast,22,Warren
Create Your Own Stir-Fry,Ingredients: Water,Round Grill,Round Grill,lunch,71,Warren
Diced Beef,Ingredients: Top Round (beef),Round Grill,Round Grill,lunch,72,Warren
Baked Chicken,"Ingredients: Halal Chicken Breast (boneless skinless chicken breasts with rib meat), Coarse Flaked Kosher Salt (salt, yellow prussiate of soda [yps]), Ground Black Pepper",Round Grill,Round Grill,lunch,73,Warren
Garbanzo Beans,"Ingredients: Low Sodium Garbanzo Beans (prepared chick peas, water, salt, calcium chloride [firming agent], disodium edta [promotes color retention])",Round Grill,Round Grill,lunch,74,Warren
Chopped Fresh Spinach,Ingredients: Fresh Spinach,Round Grill,Round Grill,lunch,75,Warren
Julienned Baby Bok Choy,Ingredients: Bok Choy,Round Grill,Round Grill,lunch,76,Warren
Shredded Carrots,Ingredients: Fresh Carrot,Round Grill,Round Grill,lunch,77,Warren
Sliced Mushrooms,Ingredients: Fresh Mushrooms,Round Grill,Round Grill,lunch,78,Warren
Sliced Yellow Squash,Ingredients: Fresh Yellow Squash,Round Grill,Round Grill,lunch,79,Warren
Green Peas,Ingredients: Frozen Green Peas,Round Grill,Round Grill,lunch,80,Warren
Napa Cabbage,Ingredients: Fresh Cabbage,Round Grill,Round Grill,lunch,81,Warren
Edamame,"Ingredients: Water, Shelled Edamame (soybeans)",Round Grill,Round Grill,lunch,82,Warren
Sliced Zucchini,Ingredients: Fresh Zucchini,Round Grill,Round Grill,lunch,83,Warren
Sliced Red Onions,Ingredients: Fresh Red Onion,Round Grill,Round Grill,lunch,84,Warren
Tofu,"Ingredients: Extra Firm Tofu (water, organic soybeans, less than 2% of magnesium chloride, calcium sulfate)",Round Grill,Round Grill,breakfast,85,Warren
Brown Rice,"Ingredients: Water, Whole Grain Brown Rice ((long grain parboiled brown rice)  )",Round Grill,Round Grill,lunch,86,Warren
Jasmine Rice,"Ingredients: Water, Jasmine Rice ([thai hom mali jasmine rice])",Round Grill,Round Grill,lunch,87,Warren
Soy Sauce,"Ingredients: Gluten-Free Tamari Soy Sauce (water, soybeans, salt, sugar, brewing starter, alcohol, vinegar, lactic acid)",Round Grill,Round Grill,lunch,88,Warren
Orange Zesty Sauce,"Ingredients: Zesty Orange Sauce (sugar, water, soy sauce [water, soybeans, wheat, salt], white distilled vinegar, modified cornstarch, 2% or less of garlic, toasted sesame oil, orange juice concentrate, ginger, xanthan gum, canola oil, salt, extractives of annatto, spice)",Round Grill,Round Grill,lunch,89,Warren
Lo Mein Noodles,"Ingredients: Yakisoba Noodles (bleached wheat flour, water, less than 2% of wheat gluten, tapioca starch, salt, dough conditioner [salt, enriched wheat flour [wheat flour, niacin, reduced iron, thiamin mononitrite, riboflavin, folic acid], dextrose, sugar, malted barley flour, monoglycerides, diacetyl tartaric acid esters of mono-diglycerides [datem] and less than 2% of soybean oil, l-cysteine hydrochloride, ascorbic acid, enzymes], canola oil, flour mix [wheat flour, fd&c yellow #5, yellow #6], corn starch, potassium carbonate, potassium bicarbonate, potassium sorbate [preservative], sodium benzoate [preservative])",Round Grill,Round Grill,lunch,90,Warren
Create Your Own Stir-Fry,Ingredients: Water,Round Grill,Round Grill,dinner,149,Warren
Diced Beef,Ingredients: Top Round (beef),Round Grill,Round Grill,dinner,150,Warren
Baked Chicken,"Ingredients: Halal Chicken Breast (boneless skinless chicken breasts with rib meat), Coarse Flaked Kosher Salt (salt, yellow prussiate of soda [yps]), Ground Black Pepper",Round Grill,Round Grill,dinner,151,Warren
Chopped Fresh Spinach,Ingredients: Fresh Spinach,Round Grill,Round Grill,dinner,152,Warren
Julienned Baby Bok Choy,Ingredients: Bok Choy,Round Grill,Round Grill,dinner,153,Warren
Shredded Carrots,Ingredients: Fresh Carrot,Round Grill,Round Grill,dinner,154,Warren
Sliced Mushrooms,Ingredients: Fresh Mushrooms,Round Grill,Round Grill,dinner,155,Warren
Sliced Yellow Squash,Ingredients: Fresh Yellow Squash,Round Grill,Round Grill,dinner,156,Warren
Green Peas,Ingredients: Frozen Green Peas,Round Grill,Round Grill,dinner,157,Warren
Napa Cabbage,Ingredients: Fresh Cabbage,Round Grill,Round Grill,dinner,158,Warren
Edamame,"Ingredients: Water, Shelled Edamame (soybeans)",Round Grill,Round Grill,dinner,159,Warren
Sliced Zucchini,Ingredients: Fresh Zucchini,Round Grill,Round Grill,dinner,160,Warren
Sliced Red Onions,Ingredients: Fresh Red Onion,Round Grill,Round Grill,dinner,161,Warren
Tofu,"Ingredients: Extra Firm Tofu (water, organic soybeans, less than 2% of magnesium chloride, calcium sulfate)",Round Grill,Round Grill,breakfast,162,Warren
Brown Rice,"Ingredients: Water, Whole Grain Brown Rice ((long grain parboiled brown rice)  )",Round Grill,Round Grill,dinner,163,Warren
Jasmine Rice,"Ingredients: Water, Jasmine Rice ([thai hom mali jasmine rice])",Round Grill,Round Grill,dinner,164,Warren
Soy Sauce,"Ingredients: Gluten-Free Tamari Soy Sauce (water, soybeans, salt, sugar, brewing starter, alcohol, vinegar, lactic acid)",Round Grill,Round Grill,dinner,165,Warren
Orange Zesty Sauce,"Ingredients: Zesty Orange Sauce (sugar, water, soy sauce [water, soybeans, wheat, salt], white distilled vinegar, modified cornstarch, 2% or less of garlic, toasted sesame oil, orange juice concentrate, ginger, xanthan gum, canola oil, salt, extractives of annatto, spice)",Round Grill,Round Grill,dinner,166,Warren
Lo Mein Noodles,"Ingredients: Yakisoba Noodles (bleached wheat flour, water, less than 2% of wheat gluten, tapioca starch, salt, dough conditioner [salt, enriched wheat flour [wheat flour, niacin, reduced iron, thiamin mononitrite, riboflavin, folic acid], dextrose, sugar, malted barley flour, monoglycerides, diacetyl tartaric acid esters of mono-diglycerides [datem] and less than 2% of soybean oil, l-cysteine hydrochloride, ascorbic acid, enzymes], canola oil, flour mix [wheat flour, fd&c yellow #5, yellow #6], corn starch, potassium carbonate, potassium bicarbonate, potassium sorbate [preservative], sodium benzoate [preservative])",Round Grill,Round Grill,dinner,167,Warren
Southwest Style Black Bean Soup,"Ingredients: Black Bean Soup (black beans, water, orange juice, onions, roasted red peppers, roasted sweet corn, green chili peppers, tomato puree [tomatoes, salt, citric acid], corn oil, sea salt, lime juice concentrate [100%], cilantro, cumin, garlic, chili powder [spices, sea salt, garlic powder], ancho chili powder, smoked paprika, dried pasilla pepper, dried oregano, bay leaf)",Soup,Soup,lunch,102,Warren
Beef Barley & Vegetable Soup,"Ingredients: Beef Barley & Vegetable Soup (water, diced tomatoes [tomatoes, tomato juice, salt, citric acid], angus beef, carrots, onions, barley, celery, green beans, peas, mushrooms, leeks, red bell pepper, beef stock, sea salt, butter [sweet cream, salt], parsley, garlic, thyme, black pepper)",Soup,Soup,lunch,103,Warren
Southwest Style Black Bean Soup,"Ingredients: Black Bean Soup (black beans, water, orange juice, onions, roasted red peppers, roasted sweet corn, green chili peppers, tomato puree [tomatoes, salt, citric acid], corn oil, sea salt, lime juice concentrate [100%], cilantro, cumin, garlic, chili powder [spices, sea salt, garlic powder], ancho chili powder, smoked paprika, dried pasilla pepper, dried oregano, bay leaf)",Soup,Soup,dinner,181,Warren
Beef Barley & Vegetable Soup,"Ingredients: Beef Barley & Vegetable Soup (water, diced tomatoes [tomatoes, tomato juice, salt, citric acid], angus beef, carrots, onions, barley, celery, green beans, peas, mushrooms, leeks, red bell pepper, beef stock, sea salt, butter [sweet cream, salt], parsley, garlic, thyme, black pepper)",Soup,Soup,dinner,182,Warren
Creamy Vegan Mac & Cheese,"Ingredients: Water, Original Soy Milk (organic soymilk [filtered water, organic soybeans], organic cane sugar, contains 2% or less of: vitamin & mineral blend [calcium carbonate, vitamin a palmitate, vitamin d2, riboflavin [b2], vitamin b12], sea salt, natural flavors, gellan gum. [PRODUCED IN A FACILITY THAT ALSO PROCESSES TREE NUTS]), Vegan Shredded Cheddar Cheese (cheddar-style cheese [filtered water, modified potato starch, palm oil, sunflower oil, sea salt, cellulose gum, tapioca starch, yeast extract, cellulose gel, konjac powder [thickener], cultured dextrose, citric acid, locust bean gum, natural flavors, annatto [color], paprika extract [color], probiotic cultures [bacillus subtilis], powdered cellulose [to prevent caking]), Elbow Macaroni (durum wheat semolina, durum wheat flour, vitamin b3 [niacin], iron [ferrous sulfate], vitamin b1 [thiamine mononitrate], vitamin b2 [riboflavin], folic acid), Oil Blend (vegetable oil [may contain one or more of the following: 90% soybean and/or canola and/or corn oil, and/or sunflower oil], 10% olive [pomace] oil, beta-carotene), Onion Powder, Garlic Powder ([garlic]), Nutritional Yeast (dried yeast, niacin [b3], pyridoxine hydrochloride [b6], riboflavin [b2], thiamine hydrochloride [b-1], folic acid and vitamin b-12), Ground Nutmeg",Vegan,Vegan,lunch,91,Warren
Sauteed Peppers And Onions,"Ingredients: Fresh Yellow Onion, Fresh Bell Pepper, Fresh Bell Pepper, Oil Blend (vegetable oil [may contain one or more of the following: 90% soybean and/or canola and/or corn oil, and/or sunflower oil], 10% olive [pomace] oil, beta-carotene), Coarse Flaked Kosher Salt (salt, yellow prussiate of soda [yps])",Vegan,Vegan,lunch,92,Warren
Korean Bbq Tofu,"Ingredients: Extra Firm Tofu (water, organic soybeans, less than 2% of magnesium chloride, calcium sulfate), Korean Hot Sauce (soy sauce [water, wheat, soybeans, salt, sodium benzoate [preservative]], sugar, roasted red onion puree [red onion, water, citric acid], apple sauce [apples, water, ascorbic acid [to protect color]], maple syrup, distilled vinegar, garlic puree [garlic, water], molasses, orange juice concentrate, contains less than 2% of sesame oil, sake wine, pear juice concentrate, reconstituted lime juice [water, lime juice concentrate], modified corn starch, spice, water, potassium sorbate and sodium benzoate [preservatives], salt, ascorbic acid, natural flavor), Fresh Yellow Onion, Fresh Broccoli, Fresh Cabbage, Fresh Celery, Fresh Carrot, Oil Blend (vegetable oil [may contain one or more of the following: 90% soybean and/or canola and/or corn oil, and/or sunflower oil], 10% olive [pomace] oil, beta-carotene)",Vegan,Vegan,dinner,168,Warren
Seasoned Rice,"Ingredients: Water, White Rice (long grain rice enriched with iron [ferric orthophosphate], niacin, thiamin [thiamin mononitrate] and folic acid), Oil Blend (vegetable oil [may contain one or more of the following: 90% soybean and/or canola and/or corn oil, and/or sunflower oil], 10% olive [pomace] oil, beta-carotene), Coarse Flaked Kosher Salt (salt, yellow prussiate of soda [yps]), Ground Black Pepper",Vegan,Vegan,dinner,169,Warren
Pork And Beef Vindaloo,"Ingredients: Top Round (beef), Pork Shoulder and Butt, Diced Potato Cubes in Water, Sliced Black Olives (olives, water, salt, ferrous gluconate), Apple Cider Vinegar (apple cider vinegar,  distilled vinegar from grain, natural flavor with caramel color, diluted with water to a uniform pickling and table strength of 5% [50 grains] acidity), Fresh Bell Pepper, Fresh Yellow Onion, Low-Sodium Gluten-Free Beef Base (roasted beef and beef stock, salt, natural flavors, sugar, tomato paste, 2% or less of potato starch, autolyzed yeast extract, canola oil, beef fat), Water, Oil Blend (vegetable oil [may contain one or more of the following: 90% soybean and/or canola and/or corn oil, and/or sunflower oil], 10% olive [pomace] oil, beta-carotene), Light Brown Sugar (brown sugar [when produced at chalmette or crockett facilities] sugar, molasses [when produced at south bay facility]), Ground Turmeric, Ground Cumin, Ground Paprika (paprika and silicon dioxide [added to make free flowing]), Whole Mustard Seed, Fresh Garlic, Coarse Flaked Kosher Salt (salt, yellow prussiate of soda [yps]), Ground Cinnamon, Fresh Gingerroot, Whole Cloves, Ground Cardamom, Ground Nutmeg, Ground Black Pepper, Habanero Chili Pepper",Wok Station,Wok Station,lunch,99,Warren
Yellow Lentil Dal,"Ingredients: Water, Golden Yellow Lentils, Ground Cumin, Ground Coriander, Fresh Tomatoes, Ground Cardamom, Fresh Yellow Onion, Ground Cinnamon, Ground Cloves, Oil Blend (vegetable oil [may contain one or more of the following: 90% soybean and/or canola and/or corn oil, and/or sunflower oil], 10% olive [pomace] oil, beta-carotene), Fresh Gingerroot, Fresh Garlic, Coarse Flaked Kosher Salt (salt, yellow prussiate of soda [yps]), Whole Cumin Seed, Ground Turmeric",Wok Station,Wok Station,lunch,100,Warren
Chinese Hot And Sour Soup With Pork,"Ingredients: Water, Boneless Pork Loin, Extra Firm Tofu (water, organic soybeans, less than 2% of magnesium chloride, calcium sulfate), Fresh Mushrooms, Bamboo Shoots (bamboo shoots, water, citric acid), Liquid Whole Eggs (whole eggs, citric acid, 0.15% water added as carrier for citric acid. citric acid added to preserve color), Light Soy Sauce (water, soybeans, wheat, salt, lactic acid, sodium benzoate: less than 1/10 of 1% as a preservative), Seasoned Rice Wine Vinegar (rice wine vinegar [diluted with water to 4.5% acidity], sugar, salt, potassium metabisulfite [preservative], caramel color), Low-Sodium Gluten-Free Chicken Base (chicken meat, salt, chicken broth, chicken fat, sugar, canola oil, corn starch, 2% or less of natural flavors, potato starch, turmeric [color]), Fresh Gingerroot, Scallion, Fresh Cilantro, Oil Blend (vegetable oil [may contain one or more of the following: 90% soybean and/or canola and/or corn oil, and/or sunflower oil], 10% olive [pomace] oil, beta-carotene), Corn Starch, Sambal Oelek Chili Paste (chili, salt, acetic acid, potassium sorbate and sodium bisulfite as preservatives, xanthan gum. contains sulphite [sodium bisulfite]), Granulated Sugar, Granulated Iodized Salt (salt, sodium silicoaluminate, dextrose, potassium iodine and sodium bicarbonate), Ground Black Pepper",Wok Station,Wok Station,lunch,101,Warren
Rogan Josh,"Ingredients: Lamb Stew Meat, Water, Ground Cumin, Fresh Tomatoes, Non-Fat Plain Greek Yogurt (cultured grade a non fat milk), Fresh Yellow Onion, Ground Coriander, Tomato Puree (vine ripened tomatoes, water, tomato paste, salt), Ground Cardamom, Indian Curry Paste (ground onion [onion, citric acid], water, canola oil, spices [paprika [color], cumin, coriander, black pepper, turmeric, cayenne, cardamom], ground garlic [garlic, citric acid], ginger puree [ginger, phosphoric acid], distilled vinegar, salt, dehydrated onion), Ground Cinnamon, Ground Cloves, Tomato Paste (vine ripened fresh tomatoes, citric acid), Oil Blend (vegetable oil [may contain one or more of the following: 90% soybean and/or canola and/or corn oil, and/or sunflower oil], 10% olive [pomace] oil, beta-carotene), Bottled Lemon Juice (filtered water, lemon juice concentrate, sodium bisulfite [preservative], sodium benzoate [preservative], lemon oil), Fresh Garlic, Fresh Gingerroot, Coarse Flaked Kosher Salt (salt, yellow prussiate of soda [yps]), Fresh Cilantro, Ground Black Pepper",Wok Station,Wok Station,dinner,177,Warren
Sargent Choice Chana Masala,"Ingredients: Low Sodium Garbanzo Beans (prepared chick peas, water, salt, calcium chloride [firming agent], disodium edta [promotes color retention]), Fresh Yellow Onion, Fresh Tomatoes, Oil Blend (vegetable oil [may contain one or more of the following: 90% soybean and/or canola and/or corn oil, and/or sunflower oil], 10% olive [pomace] oil, beta-carotene), Fresh Jalapeno Pepper, Bottled Lemon Juice (filtered water, lemon juice concentrate, sodium bisulfite [preservative], sodium benzoate [preservative], lemon oil), Fresh Garlic, Fresh Cilantro, Coarse Flaked Kosher Salt (salt, yellow prussiate of soda [yps]), Fresh Gingerroot",Wok Station,Wok Station,dinner,178,Warren
Chinese Hot And Sour Soup With Pork,"Ingredients: Water, Boneless Pork Loin, Extra Firm Tofu (water, organic soybeans, less than 2% of magnesium chloride, calcium sulfate), Fresh Mushrooms, Bamboo Shoots (bamboo shoots, water, citric acid), Liquid Whole Eggs (whole eggs, citric acid, 0.15% water added as carrier for citric acid. citric acid added to preserve color), Light Soy Sauce (water, soybeans, wheat, salt, lactic acid, sodium benzoate: less than 1/10 of 1% as a preservative), Seasoned Rice Wine Vinegar (rice wine vinegar [diluted with water to 4.5% acidity], sugar, salt, potassium metabisulfite [preservative], caramel color), Low-Sodium Gluten-Free Chicken Base (chicken meat, salt, chicken broth, chicken fat, sugar, canola oil, corn starch, 2% or less of natural flavors, potato starch, turmeric [color]), Fresh Gingerroot, Scallion, Fresh Cilantro, Oil Blend (vegetable oil [may contain one or more of the following: 90% soybean and/or canola and/or corn oil, and/or sunflower oil], 10% olive [pomace] oil, beta-carotene), Corn Starch, Sambal Oelek Chili Paste (chili, salt, acetic acid, potassium sorbate and sodium bisulfite as preservatives, xanthan gum. contains sulphite [sodium bisulfite]), Granulated Sugar, Granulated Iodized Salt (salt, sodium silicoaluminate, dextrose, potassium iodine and sodium bicarbonate), Ground Black Pepper",Wok Station,Wok Station,dinner,179,Warren
Chicken Tikka Masala,"Ingredients: Fresh Tomatoes, Tomato Puree (vine ripened tomatoes, water, tomato paste, salt), Halal Chicken Thigh ((boneless skinless thigh meat)), Curry Powder (coriander, fenugreek, turmeric, cumin, black pepper, bay leaves, celery seed, nutmeg, clove, onion, ginger and red pepper), Fresh Tomatoes, Indian Curry Paste (ground onion [onion, citric acid], water, canola oil, spices [paprika [color], cumin, coriander, black pepper, turmeric, cayenne, cardamom], ground garlic [garlic, citric acid], ginger puree [ginger, phosphoric acid], distilled vinegar, salt, dehydrated onion), Non-Fat Plain Greek Yogurt (cultured grade a non fat milk), Fresh Jalapeno Pepper, Fresh Yellow Onion, Half & Half Cream (milk, cream and disodium phosphate), Ground Paprika (paprika and silicon dioxide [added to make free flowing]), Fresh Gingerroot, Ground Cardamom, Lime Juice ([filtered water, key west lime juice concentrate, sodium benzoate]), Ground Cinnamon, Ground Cloves, Oil Blend (vegetable oil [may contain one or more of the following: 90% soybean and/or canola and/or corn oil, and/or sunflower oil], 10% olive [pomace] oil, beta-carotene), Fresh Garlic, Coarse Flaked Kosher Salt (salt, yellow prussiate of soda [yps]), Fresh Cilantro, Ground Black Pepper, Ground Cumin",Wok Station,Wok Station,dinner,180,Warren
Acai Berry Smoothie,"Ingredients: ""MILK ALMOND ESL REFRIGERATED"" (ingredient details unavailable at this time), ""Ice Cubes"" (ingredient details unavailable at this time), Acai Pureè (organic fair trade açaí puree*, filtered water, organic invert cane syrup, organic tapioca syrup, organic vegetable glycerin, organic locust bean gum, organic guar gum, organic flavor, organic sunflower lecithin, citric acid, organic fruit & vegetable juice [for color]), Sliced Bananas (bananas, ascorbic and citric acid [to preserve color]), Sliced Unsweetened Strawberries",Wraps N Bowls,Wraps N Bowls,breakfast,8,Warren
Egg & Cheese Biscuit Sandwich,"Ingredients: Liquid Whole Eggs (whole eggs, citric acid, 0.15% water added as carrier for citric acid. citric acid added to preserve color), Mild White Cheddar Slices (pasteurized milk, cheese culture, salt, enzymes, annatto  [vegetable color]), Southern-Style Biscuit (enriched flour bleached [wheat flour, malted barley flour, niacin, ferrous sulfate [iron], thiamin mononitrate, riboflavin, folic acid], water, soybean oil, hydrogenated soybean oil, buttermilk, palm oil, palm kernel oil, sugar, sodium aluminum phosphate, salt, baking soda, datem, calcium acid pyrophosphate, sodium caseinate, potassium bicarbonate, wheat protein isolate, pectin, cream, natural flavor)",Wraps N Bowls,Wraps N Bowls,breakfast,9,Warren
Achiote Chicken ,"Ingredients: Halal Chicken Thigh ((boneless skinless thigh meat)), Orange Juice (100% orange juice from concentrate contains pure filtered water, premium concentrated orange juice, ascorbic acid [vitamin c]**. **ingredient not found in regular orange juice from concentrate), Achiote Paste (water, corn flour, annatto seed, salt, garlic, spices, acetic acid and sodium benzoate as preservative [MAY CONTAIN SESAME SEEDS]), Fresh Jalapeno Pepper, Fresh Cilantro, Fresh Garlic, Ground Black Pepper, Coarse Flaked Kosher Salt (salt, yellow prussiate of soda [yps])",Wraps N Bowls,Wraps N Bowls,lunch,55,Warren
Mojo Pork,"Ingredients: Pork Shoulder and Butt, Orange Juice (100% orange juice from concentrate contains pure filtered water, premium concentrated orange juice, ascorbic acid [vitamin c]**. **ingredient not found in regular orange juice from concentrate), Fresh Yellow Onion, Lime Juice ([filtered water, key west lime juice concentrate, sodium benzoate]), Fresh Cilantro, Fresh Garlic, Extra Virgin Olive Oil, Worcestershire Sauce (distilled vinegar, molasses, water, corn syrup, salt, caramel color, sugar, spices, anchovy [fish], natural flavor [soy], tamarind extract & soy lecithin), Ground Cumin, Dried Oregano, Coarse Flaked Kosher Salt (salt, yellow prussiate of soda [yps]), Ground Black Pepper",Wraps N Bowls,Wraps N Bowls,lunch,56,Warren
Streets Cumin Roasted Vegetables,"Ingredients: Fresh Broccoli, Fresh Yellow Squash, Fresh Zucchini, Fresh Yellow Onion, Oil Blend (vegetable oil [may contain one or more of the following: 90% soybean and/or canola and/or corn oil, and/or sunflower oil], 10% olive [pomace] oil, beta-carotene), Fresh Garlic, Coarse Flaked Kosher Salt (salt, yellow prussiate of soda [yps]), Ground Cumin",Wraps N Bowls,Wraps N Bowls,lunch,57,Warren
Cilantro-Lime Brown Rice,"Ingredients: Water, Whole Grain Brown Rice ((long grain parboiled brown rice)  ), Lime Juice ([filtered water, key west lime juice concentrate, sodium benzoate]), Low-Sodium Gluten-Free Vegetable Base (sauteed vegetable puree mix [carrots, onions, celery], salt, sugar, maltodextrin, corn oil, 2% or less of yeast extract, water, potato starch, xanthan gum, natural flavors, carrot juice concentrate), Fresh Cilantro, Ground Black Pepper",Wraps N Bowls,Wraps N Bowls,lunch,58,Warren
Sauteed Onions,"Ingredients: Fresh Yellow Onion, Oil Blend (vegetable oil [may contain one or more of the following: 90% soybean and/or canola and/or corn oil, and/or sunflower oil], 10% olive [pomace] oil, beta-carotene), Coarse Flaked Kosher Salt (salt, yellow prussiate of soda [yps]), Ground Black Pepper",Wraps N Bowls,Wraps N Bowls,lunch,59,Warren
Black Beans,"Ingredients: Water, Dried Black Beans",Wraps N Bowls,Wraps N Bowls,lunch,60,Warren
Pinto Beans,"Ingredients: Water, Dried Pinto Beans",Wraps N Bowls,Wraps N Bowls,lunch,61,Warren
Pico De Gallo,"Ingredients: Fresh Tomatoes, Fresh Yellow Onion, Fresh Jalapeno Pepper, Lime Juice ([filtered water, key west lime juice concentrate, sodium benzoate]), Fresh Garlic, Coarse Flaked Kosher Salt (salt, yellow prussiate of soda [yps]), Fresh Cilantro",Wraps N Bowls,Wraps N Bowls,lunch,62,Warren
Chili Lime Corn Salad,"Ingredients: Frozen Corn Kernels, Mayonnaise (soybean oil, distilled vinegar, egg yolk, high fructose corn syrup, contains less than 2% of salt, water, mustard seed, calcium sodium edta [to protect flavor]), Scallion, Fresh Cilantro, Lime Juice ([filtered water, key west lime juice concentrate, sodium benzoate]), Oil Blend (vegetable oil [may contain one or more of the following: 90% soybean and/or canola and/or corn oil, and/or sunflower oil], 10% olive [pomace] oil, beta-carotene), Granulated Sugar, Dark Chili Powder (chili pepper, spices, salt, silicon dioxide [to make free flowing] and garlic), Fresh Lime, Fresh Garlic, Coarse Flaked Kosher Salt (salt, yellow prussiate of soda [yps]), Ground Black Pepper",Wraps N Bowls,Wraps N Bowls,lunch,63,Warren
Streets Crema,"Ingredients: Sour Cream (cultured milk and cream, modified corn starch, guar gum, sodium citrate, carrageenan, locust bean gum, enzymes), Water, Coarse Flaked Kosher Salt (salt, yellow prussiate of soda [yps])",Wraps N Bowls,Wraps N Bowls,lunch,64,Warren
Salsa Roja,"Ingredients: Chunky Diced Tomatoes (vine ripened tomatoes, tomato juice, sea salt, calcium chloride, citric acid), Tomato Paste (vine ripened fresh tomatoes, citric acid), Red Wine Vinegar (red wine vinegar, potassium metabisulfite [a preservative], diluted with water to 5% acidity), Fresh Cilantro, Granulated Sugar, Coarse Flaked Kosher Salt (salt, yellow prussiate of soda [yps]), Fresh Yellow Onion, Tabasco Hot Sauce (distilled vinegar, red pepper, salt), Ground Cumin",Wraps N Bowls,Wraps N Bowls,lunch,65,Warren
Salsa Guacamole,"Ingredients: Fresh Avocado, Fresh Tomatoes, Lime Juice ([filtered water, key west lime juice concentrate, sodium benzoate]), Oil Blend (vegetable oil [may contain one or more of the following: 90% soybean and/or canola and/or corn oil, and/or sunflower oil], 10% olive [pomace] oil, beta-carotene), Fresh Yellow Onion, Fresh Jalapeno Pepper, Ancho Chili Concentrate (roasted red bell pepper puree [red peppers, water, salt, citric acid], onion puree, maltodextrin, vegetable oil [corn and/or canola oil], sugar, salt, seasoning [chili, ancho, and chipotle powder], palm oil, olive oil, spices, onion powder, 2% or less of modified cornstarch, garlic, yeast extract, citric acid), Fresh Cilantro, Ground Black Pepper, Fresh Garlic, Fresh Garlic, Coarse Flaked Kosher Salt (salt, yellow prussiate of soda [yps]), Fresh Cilantro",Wraps N Bowls,Wraps N Bowls,lunch,66,Warren
Queso Fresco,"Ingredients: Queso Fresco (pasteurized grade a whole cow's milk, salt, enzymes and culture)",Wraps N Bowls,Wraps N Bowls,lunch,67,Warren
Shredded Iceberg Lettuce,Ingredients: Fresh Lettuce,Wraps N Bowls,Wraps N Bowls,lunch,68,Warren
Tortilla Chip,"Ingredients: Cajun Seasoning (garlic, spices [including paprika, oregano, red pepper], salt, and onion), Coarse Flaked Kosher Salt (salt, yellow prussiate of soda [yps]), Gluten-Free 6"" Corn Tortilla (whole grain corn, water, contains 2% or less of: cellulose gum, guar gum, enzymes, and propionic acid, benzoic acid and phosphoric acid [to maintain freshness])",Wraps N Bowls,Wraps N Bowls,lunch,69,Warren
Mango-Lemon Agua Fresca,"Ingredients: Water, ""Ice Cubes"" (ingredient details unavailable at this time), Frozen Mango Chunks, Agave Nectar (organic agave nectar, water), Bottled Lemon Juice (filtered water, lemon juice concentrate, sodium bisulfite [preservative], sodium benzoate [preservative], lemon oil)",Wraps N Bowls,Wraps N Bowls,lunch,70,Warren
Achiote Chicken ,"Ingredients: Halal Chicken Thigh ((boneless skinless thigh meat)), Orange Juice (100% orange juice from concentrate contains pure filtered water, premium concentrated orange juice, ascorbic acid [vitamin c]**. **ingredient not found in regular orange juice from concentrate), Achiote Paste (water, corn flour, annatto seed, salt, garlic, spices, acetic acid and sodium benzoate as preservative [MAY CONTAIN SESAME SEEDS]), Fresh Jalapeno Pepper, Fresh Cilantro, Fresh Garlic, Ground Black Pepper, Coarse Flaked Kosher Salt (salt, yellow prussiate of soda [yps])",Wraps N Bowls,Wraps N Bowls,dinner,133,Warren
Carne Asada,"Ingredients: Top Round (beef), Apple Cider Vinegar (apple cider vinegar,  distilled vinegar from grain, natural flavor with caramel color, diluted with water to a uniform pickling and table strength of 5% [50 grains] acidity), Orange Juice (100% orange juice from concentrate contains pure filtered water, premium concentrated orange juice, ascorbic acid [vitamin c]**. **ingredient not found in regular orange juice from concentrate), Lime Juice ([filtered water, key west lime juice concentrate, sodium benzoate]), Oil Blend (vegetable oil [may contain one or more of the following: 90% soybean and/or canola and/or corn oil, and/or sunflower oil], 10% olive [pomace] oil, beta-carotene), Dried Oregano, Fresh Garlic, Ground Black Pepper, Ground Cumin, Light Soy Sauce (water, soybeans, wheat, salt, lactic acid, sodium benzoate: less than 1/10 of 1% as a preservative)",Wraps N Bowls,Wraps N Bowls,dinner,134,Warren
Streets Cumin Roasted Vegetables,"Ingredients: Fresh Broccoli, Fresh Yellow Squash, Fresh Zucchini, Fresh Yellow Onion, Oil Blend (vegetable oil [may contain one or more of the following: 90% soybean and/or canola and/or corn oil, and/or sunflower oil], 10% olive [pomace] oil, beta-carotene), Fresh Garlic, Coarse Flaked Kosher Salt (salt, yellow prussiate of soda [yps]), Ground Cumin",Wraps N Bowls,Wraps N Bowls,dinner,135,Warren
Cilantro-Lime Brown Rice,"Ingredients: Water, Whole Grain Brown Rice ((long grain parboiled brown rice)  ), Lime Juice ([filtered water, key west lime juice concentrate, sodium benzoate]), Low-Sodium Gluten-Free Vegetable Base (sauteed vegetable puree mix [carrots, onions, celery], salt, sugar, maltodextrin, corn oil, 2% or less of yeast extract, water, potato starch, xanthan gum, natural flavors, carrot juice concentrate), Fresh Cilantro, Ground Black Pepper",Wraps N Bowls,Wraps N Bowls,dinner,136,Warren
Sauteed Onions,"Ingredients: Fresh Yellow Onion, Oil Blend (vegetable oil [may contain one or more of the following: 90% soybean and/or canola and/or corn oil, and/or sunflower oil], 10% olive [pomace] oil, beta-carotene), Coarse Flaked Kosher Salt (salt, yellow prussiate of soda [yps]), Ground Black Pepper",Wraps N Bowls,Wraps N Bowls,dinner,137,Warren
Black Beans,"Ingredients: Water, Dried Black Beans",Wraps N Bowls,Wraps N Bowls,dinner,138,Warren
Pinto Beans,"Ingredients: Water, Dried Pinto Beans",Wraps N Bowls,Wraps N Bowls,dinner,139,Warren
Pico De Gallo,"Ingredients: Fresh Tomatoes, Fresh Yellow Onion, Fresh Jalapeno Pepper, Lime Juice ([filtered water, key west lime juice concentrate, sodium benzoate]), Fresh Garlic, Coarse Flaked Kosher Salt (salt, yellow prussiate of soda [yps]), Fresh Cilantro",Wraps N Bowls,Wraps N Bowls,dinner,140,Warren
Chili Lime Corn Salad,"Ingredients: Frozen Corn Kernels, Mayonnaise (soybean oil, distilled vinegar, egg yolk, high fructose corn syrup, contains less than 2% of salt, water, mustard seed, calcium sodium edta [to protect flavor]), Scallion, Fresh Cilantro, Lime Juice ([filtered water, key west lime juice concentrate, sodium benzoate]), Oil Blend (vegetable oil [may contain one or more of the following: 90% soybean and/or canola and/or corn oil, and/or sunflower oil], 10% olive [pomace] oil, beta-carotene), Granulated Sugar, Dark Chili Powder (chili pepper, spices, salt, silicon dioxide [to make free flowing] and garlic), Fresh Lime, Fresh Garlic, Coarse Flaked Kosher Salt (salt, yellow prussiate of soda [yps]), Ground Black Pepper",Wraps N Bowls,Wraps N Bowls,dinner,141,Warren
Streets Crema,"Ingredients: Sour Cream (cultured milk and cream, modified corn starch, guar gum, sodium citrate, carrageenan, locust bean gum, enzymes), Water, Coarse Flaked Kosher Salt (salt, yellow prussiate of soda [yps])",Wraps N Bowls,Wraps N Bowls,dinner,142,Warren
Salsa Roja,"Ingredients: Chunky Diced Tomatoes (vine ripened tomatoes, tomato juice, sea salt, calcium chloride, citric acid), Tomato Paste (vine ripened fresh tomatoes, citric acid), Red Wine Vinegar (red wine vinegar, potassium metabisulfite [a preservative], diluted with water to 5% acidity), Fresh Cilantro, Granulated Sugar, Coarse Flaked Kosher Salt (salt, yellow prussiate of soda [yps]), Fresh Yellow Onion, Tabasco Hot Sauce (distilled vinegar, red pepper, salt), Ground Cumin",Wraps N Bowls,Wraps N Bowls,dinner,143,Warren
Salsa Guacamole,"Ingredients: Fresh Avocado, Fresh Tomatoes, Lime Juice ([filtered water, key west lime juice concentrate, sodium benzoate]), Oil Blend (vegetable oil [may contain one or more of the following: 90% soybean and/or canola and/or corn oil, and/or sunflower oil], 10% olive [pomace] oil, beta-carotene), Fresh Yellow Onion, Fresh Jalapeno Pepper, Ancho Chili Concentrate (roasted red bell pepper puree [red peppers, water, salt, citric acid], onion puree, maltodextrin, vegetable oil [corn and/or canola oil], sugar, salt, seasoning [chili, ancho, and chipotle powder], palm oil, olive oil, spices, onion powder, 2% or less of modified cornstarch, garlic, yeast extract, citric acid), Fresh Cilantro, Ground Black Pepper, Fresh Garlic, Fresh Garlic, Coarse Flaked Kosher Salt (salt, yellow prussiate of soda [yps]), Fresh Cilantro",Wraps N Bowls,Wraps N Bowls,dinner,144,Warren
Queso Fresco,"Ingredients: Queso Fresco (pasteurized grade a whole cow's milk, salt, enzymes and culture)",Wraps N Bowls,Wraps N Bowls,dinner,145,Warren
Shredded Iceberg Lettuce,Ingredients: Fresh Lettuce,Wraps N Bowls,Wraps N Bowls,dinner,146,Warren
Tortilla Chip,"Ingredients: Cajun Seasoning (garlic, spices [including paprika, oregano, red pepper], salt, and onion), Coarse Flaked Kosher Salt (salt, yellow prussiate of soda [yps]), Gluten-Free 6"" Corn Tortilla (whole grain corn, water, contains 2% or less of: cellulose gum, guar gum, enzymes, and propionic acid, benzoic acid and phosphoric acid [to maintain freshness])",Wraps N Bowls,Wraps N Bowls,dinner,147,Warren
Mango-Lemon Agua Fresca,"Ingredients: Water, ""Ice Cubes"" (ingredient details unavailable at this time), Frozen Mango Chunks, Agave Nectar (organic agave nectar, water), Bottled Lemon Juice (filtered water, lemon juice concentrate, sodium bisulfite [preservative], sodium benzoate [preservative], lemon oil)",Wraps N Bowls,Wraps N Bowls,dinner,148,Warren
Edamame Rice With Cabbage,"Ingredients: Water, Shelled Edamame (soybeans), White Rice (long grain rice enriched with iron [ferric orthophosphate], niacin, thiamin [thiamin mononitrate] and folic acid)",rice and beans,rice and beans,lunch,93,Warren
Edamame Rice With Cabbage,"Ingredients: Water, Shelled Edamame (soybeans), White Rice (long grain rice enriched with iron [ferric orthophosphate], niacin, thiamin [thiamin mononitrate] and folic acid)",rice and beans,rice and beans,dinner,170,Warren
Sargent Choice Blueberry Muffin,"Ingredients: Whole-Grain Complete Baking Mix (whole wheat flour bleached, sugar, palm oil, modified corn starch. contains 2% or less of: leavening [sodium acid pyrophosphate, baking soda, monocalcium phosphate], dextrose, salt, nonfat milk, eggs with sodium silicoaluminate, mono and diglycerides, xanthan gum, soy flour), Frozen Blueberries, Liquid Whole Eggs (whole eggs, citric acid, 0.15% water added as carrier for citric acid. citric acid added to preserve color), Oil Blend (vegetable oil [may contain one or more of the following: 90% soybean and/or canola and/or corn oil, and/or sunflower oil], 10% olive [pomace] oil, beta-carotene), Water",Bakery,Bakery,breakfast,24,Warren
Glazed Donuts,"Ingredients: Confectioner Sugar (sugar, corn starch), Whole Milk (milk and vitamin d3), Jumbo Unglazed Donut Ring (enriched unbleached wheat flour [wheat flour, malted barley flour, niacin, iron as ferrous sulfate, thiamine mononitrate, enzyme, riboflavin, folic acid], palm oil, water, whey [a milk derivative], dextrose and/or sugar, soybean oil, yeast, contains less than 2% of the following: salt, defatted soy flour, leavening [sodium acid pyrophosphate, baking soda], skim milk, distilled monoglycerides, sodium stearoyl lactylate, to preserve freshness [calcium propionate], cellulose gum, guar gum, xanthan gum, ascorbic acid, colored with beta carotene)",Bakery,Bakery,breakfast,25,Warren
Apple Crumb Cupcake,"Ingredients:  Cinnamon Streusel Complete Cake Mix (cake mix: enriched flour bleached [wheat flour, niacin, iron, thiamin mononitrate, riboflavin, folic acid], sugar, palm oil, leavening [baking soda, sodium aluminum phosphate]. contains 2% or less of: dextrose, nonfat milk, egg yolk with sodium silicoaluminate, salt, modified corn starch, eggs with sodium silicoaluminate, modified whey, xanthan gum, natural flavor, annatto and turmeric extract color, defatted soy flour. topping mix: enriched flour bleached [wheat flour, niacin, iron, thiamin mononitrate, riboflavin, folic acid], brown sugar, sugar, palm oil, cinnamon, soy flour, egg, nonfat milk), Water,  Cinnamon Streusel Complete Cake Mix (cake mix: enriched flour bleached [wheat flour, niacin, iron, thiamin mononitrate, riboflavin, folic acid], sugar, palm oil, leavening [baking soda, sodium aluminum phosphate]. contains 2% or less of: dextrose, nonfat milk, egg yolk with sodium silicoaluminate, salt, modified corn starch, eggs with sodium silicoaluminate, modified whey, xanthan gum, natural flavor, annatto and turmeric extract color, defatted soy flour. topping mix: enriched flour bleached [wheat flour, niacin, iron, thiamin mononitrate, riboflavin, folic acid], brown sugar, sugar, palm oil, cinnamon, soy flour, egg, nonfat milk), Apple Slices (sliced apples and water), Confectioner Sugar (sugar, corn starch)",Bakery,Bakery,breakfast,26,Warren
Assorted Cookies ,"Ingredients: Granulated Sugar, Ground Cinnamon, Chocolate Chip Cookies (enriched bleached flour [bleached wheat flour, malted barley flour, niacin, iron, thiamine mononitrate, riboflavin, folic acid], sugar, palm oil, margarine [palm oil, water, soybean oil, contains 2% or less of: salt, mono- and diglycerides, natural flavor [contains milk], citric acid, vitamin a palmitate added, beta carotene [color]], semi-sweet chocolate chips [sugar, unsweetened chocolate, cocoa butter, dextrose, soy lecithin, natural flavor, milk], chocolate flavored chips [sugar, fractionated interesterified vegetable fat [palm kernel and/or palm oils], cocoa powder [processed with alkali], dextrose, soy lecithin, polysorbate 60, sorbitan monostearate, natural flavor, salt, vanilla extract, milk], water, eggs, dextrose, contains 2% or less of:  butter [cream [milk], salt], molasses, water, pregelatinized wheat starch, baking soda, salt, natural and artificial flavors [MAY CONTAIN PEANUTS AND TREENUTS]), Oatmeal Raisin Cookies ((sugar, enriched bleached flour [bleached wheat flour, malted barley flour, niacin, iron, thiamine mononitrate, riboflavin, folic acid], margarine [palm oil, water, soybean oil, contains 2% or less of: salt, mono- and diglycerides, natural flavor [contains milk], citric acid, vitamin a palmitate added, beta carotene [color]], rolled oats, raisins [raisins, sunflower oil], coconut, eggs, invert sugar, contains 2% or less of: water, molasses, dextrose, butter [cream [milk], salt], pregelatinized wheat starch, baking soda, salt, cinnamon, milk protein concentrate, lactose [milk], soy lecithin, artificial flavor, nonfat milk, defatted soy flour [MAY CONTAIN PEANUTS]) ), Sugar Cookies (enriched bleached flour [bleached wheat flour, malted barley flour, niacin, iron, thiamine mononitrate, riboflavin, folic acid], sugar, margarine [palm oil, water, soybean oil, contains 2% or less of: salt, mono- and diglycerides, natural flavor[contains milk], citric acid, vitamin a palmitate added, beta carotene [color]], eggs, butter [cream [milk], salt], contains 2% or less of: invert sugar, salt, baking soda, soy lecithin, defatted soy flour. [MAY CONTAIN PEANUTS AND TREENUTS]), Carnival Cookies (enriched bleached flour [bleached wheat flour, malted barley flour, niacin, iron, thiamine mononitrate, riboflavin, folic acid], sugar, margarine [palm oil, water, soybean oil, contains 2% or less of: salt, monoanddiglycerides, natural flavors [contains milk], citric acid, vitamin a palmitate added, beta carotene [color]], semi-sweet chocolate chips [sugar, unsweetened chocolate, cocoa butter, dextrose, soy lecithin, vanilla extract], colored chocolate candies [semisweet and dark chocolate [sugar, unsweetened chocolate, cocoa butter, dextrose, soy lecithin, natural flavor, milk], sugar, artificial color [titanium dioxide, red 40 lake, yellow 6 lake, yellow 6, yellow 5 lake, yellow 5, blue 1 lake, blue 1, red 3, blue 2 lake], gum acacia, corn syrup, cornstarch, confectioner's glaze [carnauba wax, beeswax, shellac]], eggs, dextrose, contains 2% or less of water, molasses, baking soda, salt, wheat starch, natural and artificial flavor [MAY CONTAIN PEANUTS AND TREENUTS])",Bakery,Bakery,lunch,95,Warren
Chocolate Cupcake,"Ingredients: Devil's Food Cake Mix (sugar, enriched flour bleached [wheat flour, niacin, reduced iron, thiamin mononitrate, riboflavin, folic acid, malted barley flour], palm and soybean oil, cocoa processed with alkali, dextrose, eggs with sodium silicoaluminate. contains 2% or less of: artificial flavor, leavening [baking soda, guar gum, monoglycerides, monocalcium phosphate], nonfat milk, polysorbate 60, modified corn starch, egg white, propylene glycol mono and diesters, salt, sodium aluminum sulfate, mono and diglycerides, xanthan gum, soy lecithin, whey, natural flavor), Water, Gluten-Free Chocolate Frosting (sugar, high fructose corn syrup, palm oil, water, corn starch, cocoa processed with alkali. contains 2% or less of: salt, monoglycerides, polysorbate 60, sodium stearoyl lactylate, citric acid, sodium acid pyrophosphate, artificial flavor. freshness preserved by potassium sorbate [MAY CONTAIN MILK])",Bakery,Bakery,lunch,96,Warren
Fruity Fruit Loop® Bar,"Ingredients: Mini White Marshmallow (corn syrup, sugar, modified cornstarch, dextrose, water, contains less than 2% of gelatin, tetrasodium pyrophosphate [whipping aid], natural and artificial flavor, blue 1), Froot Loops Cereal (corn flour blend [whole grain yellow corn flour, degerminated yellow corn flour], sugar, wheat flour, whole grain oat flour, modified food starch, corn syrup, contains 2% or less of vegetable oil [hydrogenated coconut, soybean and/or cottonseed], oat fiber, maltodextrin, salt, soluble corn fiber, calcium carbonate, natural flavor, red 40, yellow 5, blue 1, yellow 6, bht for freshness. vitamins and minerals: vitamin c [ascorbic acid], reduced iron or ferric orthophosphate, niacinamide, zinc oxide [source of zinc], vitamin b6 [pyridoxine hydrochloride], vitamin b2 [riboflavin], vitamin b1 [thiamin hydrochloride or mononitrate], calcium pantothenate [vitamin b5], folic acid, vitamin d3, vitamin b12), Smart Balance Margarine (oil blend [palm, soybean, canola, and olive oil], water, contains less than 2% of salt, enzyme-modified soybean lecithin, natural & artificial flavor, potassium sorbate and calcium disodium edta [to preserve freshness], lactic acid, vitamin a palmitate, beta-carotene color)",Bakery,Bakery,lunch,97,Warren
Vegan Brownie,"Ingredients: Granulated Sugar, All Purpose Flour (bleached wheat flour, malted barley flour, niacin, iron, thiamin mononitrate, riboflavin, folic acid), Water, Cocoa Powder (cocoa), Oil Blend (vegetable oil [may contain one or more of the following: 90% soybean and/or canola and/or corn oil, and/or sunflower oil], 10% olive [pomace] oil, beta-carotene), Baking Powder (sodium bicarbonate, cornstarch, sodium aluminum sulfate, monocalcium phosphate, silicon dioxide), Imitation Vanilla Extract  (water, vanillin, caramel color, ethyl vanillin and 0.1% potassium sorbate [added as a preservative]), Coarse Flaked Kosher Salt (salt, yellow prussiate of soda [yps])",Bakery,Bakery,lunch,98,Warren
Assorted Cookies ,"Ingredients: Granulated Sugar, Ground Cinnamon, Chocolate Chip Cookies (enriched bleached flour [bleached wheat flour, malted barley flour, niacin, iron, thiamine mononitrate, riboflavin, folic acid], sugar, palm oil, margarine [palm oil, water, soybean oil, contains 2% or less of: salt, mono- and diglycerides, natural flavor [contains milk], citric acid, vitamin a palmitate added, beta carotene [color]], semi-sweet chocolate chips [sugar, unsweetened chocolate, cocoa butter, dextrose, soy lecithin, natural flavor, milk], chocolate flavored chips [sugar, fractionated interesterified vegetable fat [palm kernel and/or palm oils], cocoa powder [processed with alkali], dextrose, soy lecithin, polysorbate 60, sorbitan monostearate, natural flavor, salt, vanilla extract, milk], water, eggs, dextrose, contains 2% or less of:  butter [cream [milk], salt], molasses, water, pregelatinized wheat starch, baking soda, salt, natural and artificial flavors [MAY CONTAIN PEANUTS AND TREENUTS]), Oatmeal Raisin Cookies ((sugar, enriched bleached flour [bleached wheat flour, malted barley flour, niacin, iron, thiamine mononitrate, riboflavin, folic acid], margarine [palm oil, water, soybean oil, contains 2% or less of: salt, mono- and diglycerides, natural flavor [contains milk], citric acid, vitamin a palmitate added, beta carotene [color]], rolled oats, raisins [raisins, sunflower oil], coconut, eggs, invert sugar, contains 2% or less of: water, molasses, dextrose, butter [cream [milk], salt], pregelatinized wheat starch, baking soda, salt, cinnamon, milk protein concentrate, lactose [milk], soy lecithin, artificial flavor, nonfat milk, defatted soy flour [MAY CONTAIN PEANUTS]) ), Sugar Cookies (enriched bleached flour [bleached wheat flour, malted barley flour, niacin, iron, thiamine mononitrate, riboflavin, folic acid], sugar, margarine [palm oil, water, soybean oil, contains 2% or less of: salt, mono- and diglycerides, natural flavor[contains milk], citric acid, vitamin a palmitate added, beta carotene [color]], eggs, butter [cream [milk], salt], contains 2% or less of: invert sugar, salt, baking soda, soy lecithin, defatted soy flour. [MAY CONTAIN PEANUTS AND TREENUTS]), Carnival Cookies (enriched bleached flour [bleached wheat flour, malted barley flour, niacin, iron, thiamine mononitrate, riboflavin, folic acid], sugar, margarine [palm oil, water, soybean oil, contains 2% or less of: salt, monoanddiglycerides, natural flavors [contains milk], citric acid, vitamin a palmitate added, beta carotene [color]], semi-sweet chocolate chips [sugar, unsweetened chocolate, cocoa butter, dextrose, soy lecithin, vanilla extract], colored chocolate candies [semisweet and dark chocolate [sugar, unsweetened chocolate, cocoa butter, dextrose, soy lecithin, natural flavor, milk], sugar, artificial color [titanium dioxide, red 40 lake, yellow 6 lake, yellow 6, yellow 5 lake, yellow 5, blue 1 lake, blue 1, red 3, blue 2 lake], gum acacia, corn syrup, cornstarch, confectioner's glaze [carnauba wax, beeswax, shellac]], eggs, dextrose, contains 2% or less of water, molasses, baking soda, salt, wheat starch, natural and artificial flavor [MAY CONTAIN PEANUTS AND TREENUTS])",Bakery,Bakery,dinner,172,Warren
Vegan Raspberry Banana Cake,"Ingredients: Fresh Banana, Frozen Raspberries, Granulated Sugar, All Purpose Flour (bleached wheat flour, malted barley flour, niacin, iron, thiamin mononitrate, riboflavin, folic acid), Oil Blend (vegetable oil [may contain one or more of the following: 90% soybean and/or canola and/or corn oil, and/or sunflower oil], 10% olive [pomace] oil, beta-carotene), Confectioner Sugar (sugar, corn starch), Original Soy Milk (organic soymilk [filtered water, organic soybeans], organic cane sugar, contains 2% or less of: vitamin & mineral blend [calcium carbonate, vitamin a palmitate, vitamin d2, riboflavin [b2], vitamin b12], sea salt, natural flavors, gellan gum. [PRODUCED IN A FACILITY THAT ALSO PROCESSES TREE NUTS]), Baking Powder (sodium bicarbonate, cornstarch, sodium aluminum sulfate, monocalcium phosphate, silicon dioxide), Imitation Vanilla Extract  (water, vanillin, caramel color, ethyl vanillin and 0.1% potassium sorbate [added as a preservative]), Coarse Flaked Kosher Salt (salt, yellow prussiate of soda [yps])",Bakery,Bakery,dinner,173,Warren
Double Chocolate Brownie,"Ingredients: Brownie Mix (sugar, enriched bleached flour [wheat flour, niacin, reduced iron, thiamin mononitrate, riboflavin, folic acid], palm and soybean oil, cocoa [processed with alkali], less than 2% of: artificial flavor, baking soda, egg whites, salt, wheat protein isolate [MAY CONTAIN MILK]), Water, Baking Semi-Sweet Chocolate Chips (sugar, chocolate liquor, cocoa butter, milkfat, soy lecithin, natural flavor)",Bakery,Bakery,dinner,174,Warren
Chocolate Cupcake,"Ingredients: Devil's Food Cake Mix (sugar, enriched flour bleached [wheat flour, niacin, reduced iron, thiamin mononitrate, riboflavin, folic acid, malted barley flour], palm and soybean oil, cocoa processed with alkali, dextrose, eggs with sodium silicoaluminate. contains 2% or less of: artificial flavor, leavening [baking soda, guar gum, monoglycerides, monocalcium phosphate], nonfat milk, polysorbate 60, modified corn starch, egg white, propylene glycol mono and diesters, salt, sodium aluminum sulfate, mono and diglycerides, xanthan gum, soy lecithin, whey, natural flavor), Water, Gluten-Free Chocolate Frosting (sugar, high fructose corn syrup, palm oil, water, corn starch, cocoa processed with alkali. contains 2% or less of: salt, monoglycerides, polysorbate 60, sodium stearoyl lactylate, citric acid, sodium acid pyrophosphate, artificial flavor. freshness preserved by potassium sorbate [MAY CONTAIN MILK])",Bakery,Bakery,dinner,175,Warren
Vegan Vanilla Cupcakes,"Ingredients: Confectioner Sugar (sugar, corn starch), Original Soy Milk (organic soymilk [filtered water, organic soybeans], organic cane sugar, contains 2% or less of: vitamin & mineral blend [calcium carbonate, vitamin a palmitate, vitamin d2, riboflavin [b2], vitamin b12], sea salt, natural flavors, gellan gum. [PRODUCED IN A FACILITY THAT ALSO PROCESSES TREE NUTS]), All Purpose Flour (bleached wheat flour, malted barley flour, niacin, iron, thiamin mononitrate, riboflavin, folic acid), Smart Balance Margarine (oil blend [palm, soybean, canola, and olive oil], water, contains less than 2% of salt, enzyme-modified soybean lecithin, natural & artificial flavor, potassium sorbate and calcium disodium edta [to preserve freshness], lactic acid, vitamin a palmitate, beta-carotene color), Granulated Sugar, Oil Blend (vegetable oil [may contain one or more of the following: 90% soybean and/or canola and/or corn oil, and/or sunflower oil], 10% olive [pomace] oil, beta-carotene), Baking Powder (sodium bicarbonate, cornstarch, sodium aluminum sulfate, monocalcium phosphate, silicon dioxide), Imitation Vanilla Extract  (water, vanillin, caramel color, ethyl vanillin and 0.1% potassium sorbate [added as a preservative]), Apple Cider Vinegar (apple cider vinegar,  distilled vinegar from grain, natural flavor with caramel color, diluted with water to a uniform pickling and table strength of 5% [50 grains] acidity), Granulated Iodized Salt (salt, sodium silicoaluminate, dextrose, potassium iodine and sodium bicarbonate)",Bakery,Bakery,dinner,176,Warren
Create Your Own Sandwich Station,Ingredients: Water,Deli,Deli,lunch,104,Warren
Sargent Choice Baja Beef Wrap,"Ingredients: Fresh Lettuce, Deli Roast Beef (beef, water, salt, sugar, potassium phosphate, potassium lactate, dextrose, sodium diacetate, flavoring, caramel coloring, garlic powder, onion powder, spices; after cooking, contains up to 12% of solution: water, salt, sodium phosphates, sugar, flavoring), Fresh Tomatoes, Sour Cream (cultured milk and cream, modified corn starch, guar gum, sodium citrate, carrageenan, locust bean gum, enzymes), Sliced Banana Peppers (banana peppers, water, salt, acetic acid, citric acid, calcium chloride, preservatives [sodium benzoate, sodium bisulfite], capsicum oleoresin, yellow 5), Red Hot Cayenne Pepper Sauce (aged cayenne red peppers, distilled vinegar, water, salt & garlic powder), Ground Black Pepper, Frozen Avocado Halves (hass avocado, water, citric acid, ascorbic acid [to maintain natural color]), Deli Flour Tortilla (whole wheat flour, water, enriched wheat flour [wheat flour, niacin, reduced iron, thiamine mononitrate, riboflavin, folic acid], malted barley flour], soy shortening [soybean oil, hydrogenated soybean oil], contains less than 2% of salt, sodium acid pyrophosphate, calcium propionate, mono & diglycerides, rice flour, sugar, sodium bicarbonate, fumaric acid, potassium sorbate, sodium carboxymethylcellulose, enzyme [wheat starch, microcrystalline cellulose], l-cysteine, sodium metabisulfate)",Deli,Deli,lunch,105,Warren
Chunky Chicken Salad,"Ingredients: Halal Chicken Breast (boneless skinless chicken breasts with rib meat), Mayonnaise (soybean oil, distilled vinegar, egg yolk, high fructose corn syrup, contains less than 2% of salt, water, mustard seed, calcium sodium edta [to protect flavor]), Fresh Celery, Dijon Mustard (distilled white vinegar, water, mustard seed, salt, white wine, fruit pectin, citric acid, tartaric acid, sugar, spices), Bottled Lemon Juice (filtered water, lemon juice concentrate, sodium bisulfite [preservative], sodium benzoate [preservative], lemon oil), Ground Black Pepper",Deli,Deli,lunch,106,Warren
Granola,"Ingredients: Gluten Free Whole-Grain Oats (gluten free oats), True Balance Gluten Free Chex Cereal (whole grain rice, whole grain corn, rice, corn meal, sugar, corn starch, salt, molasses, baking soda. vitamin e [mixed tocopherols] added to preserve freshness. vitamins and minerals: calcium carbonate, iron and zinc [mineral nutrients], vitamin c [sodium ascorbate], a b vitamin [niacinamide], vitamin b2 [riboflavin], vitamin b6 [pyridoxine hydrochloride], vitamin b1 [thiamin mononitrate], vitamin a [palmitate], a b vitamin [folic acid], vitamin b12, vitamin d3), Tiny Twist Pretzels ( (enriched flour [wheat flour, niacin, reduced iron, thiamin mononitrate, riboflavin, folic acid], salt, corn oil, corn syrup, ammonium bicarbonate, malt extract, and yeast.), Pure Maple Syrup (100% pure grade ""a"" dark robust taste maple syrup), Water, Mini M&Ms (milk chocolate [sugar, chocolate, skim milk, cocoa butter, lactose, milkfat, soy lecithin, salt, natural flavor], sugar, less than 2% of: colors (includes blue 1 lake, red 40, yellow 6, yellow 5, blue 1, red 40 lake, yellow 6 lake, yellow 5 lake, blue 2 lake, blue 2), corn syrup, dextrin, cornstarch, carnauba wax [MAY CONTAIN PEANUTS]), Oil Blend (vegetable oil [may contain one or more of the following: 90% soybean and/or canola and/or corn oil, and/or sunflower oil], 10% olive [pomace] oil, beta-carotene), Pure Clover Honey, Sweetened Dried Cranberries (cranberries, sugar, sunflower oil), Dark Seedless Raisins, Whole-Wheat Stone-Ground Flour, Imitation Vanilla Extract  (water, vanillin, caramel color, ethyl vanillin and 0.1% potassium sorbate [added as a preservative]), Ground Cinnamon",Deli,Deli,lunch,107,Warren
Hummus With Veggie Dippers,"Ingredients: Fresh Cucumber, Fresh Carrot, Fresh Celery, Low Sodium Garbanzo Beans (prepared chick peas, water, salt, calcium chloride [firming agent], disodium edta [promotes color retention]), Bottled Lemon Juice (filtered water, lemon juice concentrate, sodium bisulfite [preservative], sodium benzoate [preservative], lemon oil), 100% Pure Tahini (sesame seeds), Oil Blend (vegetable oil [may contain one or more of the following: 90% soybean and/or canola and/or corn oil, and/or sunflower oil], 10% olive [pomace] oil, beta-carotene), Fresh Garlic, Coarse Flaked Kosher Salt (salt, yellow prussiate of soda [yps])",Deli,Deli,lunch,108,Warren
Apple Slices With Sunbutter,"Ingredients: Sunbutter (roasted sunflower seeds, sugar, mono diglycerides, and salt), Fresh Apple",Deli,Deli,lunch,109,Warren
Create Your Own Sandwich Station,none,Deli,Deli,lunch,110,Warren
Create Your Own Salad Bar,none,Deli,Deli,lunch,111,Warren
Create Your Own Sandwich Station,Ingredients: Water,Deli,Deli,dinner,183,Warren
Sargent Choice Baja Beef Wrap,"Ingredients: Fresh Lettuce, Deli Roast Beef (beef, water, salt, sugar, potassium phosphate, potassium lactate, dextrose, sodium diacetate, flavoring, caramel coloring, garlic powder, onion powder, spices; after cooking, contains up to 12% of solution: water, salt, sodium phosphates, sugar, flavoring), Fresh Tomatoes, Sour Cream (cultured milk and cream, modified corn starch, guar gum, sodium citrate, carrageenan, locust bean gum, enzymes), Sliced Banana Peppers (banana peppers, water, salt, acetic acid, citric acid, calcium chloride, preservatives [sodium benzoate, sodium bisulfite], capsicum oleoresin, yellow 5), Red Hot Cayenne Pepper Sauce (aged cayenne red peppers, distilled vinegar, water, salt & garlic powder), Ground Black Pepper, Frozen Avocado Halves (hass avocado, water, citric acid, ascorbic acid [to maintain natural color]), Deli Flour Tortilla (whole wheat flour, water, enriched wheat flour [wheat flour, niacin, reduced iron, thiamine mononitrate, riboflavin, folic acid], malted barley flour], soy shortening [soybean oil, hydrogenated soybean oil], contains less than 2% of salt, sodium acid pyrophosphate, calcium propionate, mono & diglycerides, rice flour, sugar, sodium bicarbonate, fumaric acid, potassium sorbate, sodium carboxymethylcellulose, enzyme [wheat starch, microcrystalline cellulose], l-cysteine, sodium metabisulfate)",Deli,Deli,dinner,184,Warren
Granola,"Ingredients: Gluten Free Whole-Grain Oats (gluten free oats), True Balance Gluten Free Chex Cereal (whole grain rice, whole grain corn, rice, corn meal, sugar, corn starch, salt, molasses, baking soda. vitamin e [mixed tocopherols] added to preserve freshness. vitamins and minerals: calcium carbonate, iron and zinc [mineral nutrients], vitamin c [sodium ascorbate], a b vitamin [niacinamide], vitamin b2 [riboflavin], vitamin b6 [pyridoxine hydrochloride], vitamin b1 [thiamin mononitrate], vitamin a [palmitate], a b vitamin [folic acid], vitamin b12, vitamin d3), Tiny Twist Pretzels ( (enriched flour [wheat flour, niacin, reduced iron, thiamin mononitrate, riboflavin, folic acid], salt, corn oil, corn syrup, ammonium bicarbonate, malt extract, and yeast.), Pure Maple Syrup (100% pure grade ""a"" dark robust taste maple syrup), Water, Mini M&Ms (milk chocolate [sugar, chocolate, skim milk, cocoa butter, lactose, milkfat, soy lecithin, salt, natural flavor], sugar, less than 2% of: colors (includes blue 1 lake, red 40, yellow 6, yellow 5, blue 1, red 40 lake, yellow 6 lake, yellow 5 lake, blue 2 lake, blue 2), corn syrup, dextrin, cornstarch, carnauba wax [MAY CONTAIN PEANUTS]), Oil Blend (vegetable oil [may contain one or more of the following: 90% soybean and/or canola and/or corn oil, and/or sunflower oil], 10% olive [pomace] oil, beta-carotene), Pure Clover Honey, Sweetened Dried Cranberries (cranberries, sugar, sunflower oil), Dark Seedless Raisins, Whole-Wheat Stone-Ground Flour, Imitation Vanilla Extract  (water, vanillin, caramel color, ethyl vanillin and 0.1% potassium sorbate [added as a preservative]), Ground Cinnamon",Deli,Deli,dinner,185,Warren
Hummus With Veggie Dippers,"Ingredients: Fresh Cucumber, Fresh Carrot, Fresh Celery, Low Sodium Garbanzo Beans (prepared chick peas, water, salt, calcium chloride [firming agent], disodium edta [promotes color retention]), Bottled Lemon Juice (filtered water, lemon juice concentrate, sodium bisulfite [preservative], sodium benzoate [preservative], lemon oil), 100% Pure Tahini (sesame seeds), Oil Blend (vegetable oil [may contain one or more of the following: 90% soybean and/or canola and/or corn oil, and/or sunflower oil], 10% olive [pomace] oil, beta-carotene), Fresh Garlic, Coarse Flaked Kosher Salt (salt, yellow prussiate of soda [yps])",Deli,Deli,dinner,186,Warren
Apple Slices With Sunbutter,"Ingredients: Sunbutter (roasted sunflower seeds, sugar, mono diglycerides, and salt), Fresh Apple",Deli,Deli,dinner,187,Warren
Create Your Own Sandwich Station,none,Deli,Deli,lunch,188,Warren
Create Your Own Salad Bar,none,Deli,Deli,lunch,189,Warren
Create Your Own,none,Salad Bar,Salad Bar,breakfast,23,Warren
Create Your Own,none,Salad Bar,Salad Bar,lunch,94,Warren
Create Your Own,none,Salad Bar,Salad Bar,lunch,171,Warren
